1000,Lausanne,VD
1002,Lausanne,VD
1003,Lausanne,VD
1004,Lausanne,VD
1005,Lausanne,VD
1006,Lausanne,VD
1007,Lausanne,VD
1008,Prilly,VD
1009,Pully,VD
1010,Lausanne,VD
1011,Lausanne,VD
1012,Lausanne,VD
1014,Lausanne Adm cant VD,VD
1015,Lausanne,VD
1017,Lausanne Charles Veillon SA,VD
1018,Lausanne,VD
1020,Renens VD,VD
1022,Chavannes-près-Renens,VD
1023,Crissier,VD
1024,Ecublens VD,VD
1025,St-Sulpice VD,VD
1026,Echandens-Denges,VD
1027,Lonay,VD
1028,Préverenges,VD
1029,Villars-Ste-Croix,VD
1030,Bussigny-près-Lausanne,VD
1031,Mex VD,VD
1032,Romanel-sur-Lausanne,VD
1033,Cheseaux-sur-Lausanne,VD
1034,Boussens,VD
1035,Bournens,VD
1036,Sullens,VD
1037,Etagnières,VD
1038,Bercher,VD
1040,Echallens,VD
1041,Echallens Sorties,VD
1042,Assens,VD
1043,Sugnens,VD
1044,Fey,VD
1045,Ogens,VD
1051,Le Mont-sur-Lausanne Poly,VD
1052,Le Mont-sur-Lausanne,VD
1053,Cugy VD,VD
1054,Morrens VD,VD
1055,Froideville,VD
1058,Villars-Tiercelin,VD
1059,Peney-le-Jorat,VD
1061,Villars-Mendraz,VD
1062,Sottens,VD
1063,Chapelle-sur-Moudon,VD
1064,St-Cierges,VD
1066,Epalinges,VD
1068,Les Monts-de-Pully,VD
1070,Puidoux-Gare,VD
1071,Chexbres,VD
1072,Forel (Lavaux),VD
1073,Savigny,VD
1074,Mollie-Margot,VD
1076,Ferlens VD,VD
1077,Servion,VD
1078,Essertes,VD
1080,Les Cullayes,VD
1081,Montpreveyres,VD
1082,Corcelles-le-Jorat,VD
1083,Mézières VD,VD
1084,Carrouge VD,VD
1085,Vulliens,VD
1086,Vucherens,VD
1088,Ropraz,VD
1090,La Croix (Lutry),VD
1091,Grandvaux,VD
1092,Belmont-sur-Lausanne,VD
1093,La Conversion,VD
1094,Paudex,VD
1095,Lutry,VD
1096,Cully,VD
1097,Riex,VD
1098,Epesses,VD
1099,Montpreveyres Fotolabo Club,VD
1110,Morges,VD
1112,Echichens,VD
1113,St-Saphorin-sur-Morges,VD
1114,Colombier VD,VD
1115,Vullierens,VD
1116,Cottens VD,VD
1117,Grancy,VD
1121,Bremblens,VD
1122,Romanel-sur-Morges,VD
1123,Aclens,VD
1124,Gollion,VD
1125,Monnaz,VD
1126,Vaux-sur-Morges,VD
1127,Clarmont,VD
1128,Reverolle,VD
1131,Tolochenaz,VD
1132,Lully VD,VD
1133,Lussy-sur-Morges,VD
1134,Vufflens-le-Château,VD
1135,Denens,VD
1136,Bussy-Chardonney,VD
1137,Yens,VD
1138,Villars-sous-Yens,VD
1141,Sévery,VD
1142,Pampigny,VD
1143,Apples,VD
1144,Ballens,VD
1145,Bière,VD
1146,Mollens VD,VD
1147,Montricher,VD
1148,L''Isle,VD
1149,Berolle,VD
1162,St-Prex,VD
1163,Etoy,VD
1164,Buchillon,VD
1165,Allaman,VD
1166,Perroy,VD
1170,Aubonne,VD
1172,Bougy-Villars,VD
1173,Féchy,VD
1174,Montherod,VD
1175,Lavigny,VD
1176,St-Livres,VD
1180,Rolle,VD
1182,Gilly,VD
1183,Bursins,VD
1184,Luins,VD
1185,Mont-sur-Rolle,VD
1186,Essertines-sur-Rolle,VD
1187,St-Oyens,VD
1188,Gimel,VD
1189,Saubraz,VD
1195,Dully-Bursinel,VD
1196,Gland,VD
1197,Prangins,VD
1200,Genève,GE
1201,Genève,GE
1202,Genève,GE
1203,Genève,GE
1204,Genève,GE
1205,Genève,GE
1206,Genève,GE
1207,Genève,GE
1208,Genève,GE
1209,Genève,GE
1212,Grand-Lancy,GE
1213,Petit-Lancy,GE
1214,Vernier,GE
1215,Genève 15 Aéroport,GE
1216,Cointrin,GE
1217,Meyrin,GE
1218,Le Grand-Saconnex,GE
1219,Le Lignon,GE
1220,Les Avanchets,GE
1222,Vésenaz,GE
1223,Cologny,GE
1224,Chêne-Bougeries,GE
1225,Chêne-Bourg,GE
1226,Thônex,GE
1227,Carouge GE,GE
1228,Plan-les-Ouates,GE
1231,Conches,GE
1232,Confignon,GE
1233,Bernex,GE
1234,Vessy,GE
1236,Cartigny,GE
1237,Avully,GE
1239,Collex,GE
1241,Puplinge,GE
1242,Satigny,GE
1243,Presinge,GE
1244,Choulex,GE
1245,Collonge-Bellerive,GE
1246,Corsier GE,GE
1247,Anières,GE
1248,Hermance,GE
1251,Gy,GE
1252,Meinier,GE
1253,Vandoeuvres,GE
1254,Jussy,GE
1255,Veyrier,GE
1256,Troinex,GE
1257,La Croix-de-Rozon,GE
1258,Perly,GE
1260,Nyon,VD
1261,Nyon Sorties,VD
1262,Eysins,VD
1263,Crassier,VD
1264,St-Cergue,VD
1265,La Cure,VD
1266,Duillier,VD
1267,Vich-Coinsins,VD
1268,Begnins,VD
1269,Bassins,VD
1270,Trélex,VD
1271,Givrins,VD
1272,Genolier,VD
1273,Arzier,VD
1274,Signy-Grens,VD
1275,Chéserex,VD
1276,Gingins,VD
1277,Borex,VD
1278,La Rippe,VD
1279,Chavannes-de-Bogis,VD
1281,Russin,GE
1283,La Plaine,GE
1284,Chancy,GE
1285,Athenaz (Avusy),GE
1286,Soral,GE
1287,Laconnex,GE
1288,Aire-la-Ville,GE
1289,Genève Services Spéciaux,GE
1290,Versoix,GE
1291,Commugny,VD
1292,Chambésy,GE
1293,Bellevue,GE
1294,Genthod,GE
1295,Mies-Tannay,VD
1296,Coppet,VD
1297,Founex,VD
1298,Céligny,GE
1299,Crans-près-Céligny,VD
1302,Vufflens-la-Ville,VD
1303,Penthaz,VD
1304,Cossonay-Ville,VD
1305,Penthalaz,VD
1306,Daillens,VD
1307,Lussery-Villars,VD
1308,La Chaux (Cossonay),VD
1309,Cuarnens,VD
1310,Daillens Centre Colis,VD
1312,Eclépens,VD
1313,Ferreyres,VD
1314,Moiry VD,VD
1315,La Sarraz,VD
1316,Chevilly,VD
1317,Orny,VD
1318,Pompaples,VD
1321,Arnex-sur-Orbe,VD
1322,Croy,VD
1323,Romainmôtier,VD
1324,Premier,VD
1325,Vaulion,VD
1326,Juriens,VD
1327,La Praz,VD
1328,Mont-la-Ville,VD
1329,Bretonnières,VD
1337,Vallorbe,VD
1338,Ballaigues,VD
1341,Orient,VD
1342,Le Pont,VD
1343,Les Charbonnières,VD
1344,L''Abbaye,VD
1345,Le Lieu,VD
1346,Les Bioux,VD
1347,Le Sentier,VD
1348,Le Brassus,VD
1350,Orbe,VD
1352,Agiez,VD
1353,Bofflens,VD
1354,Montcherand,VD
1355,L''Abergement,VD
1356,Les Clées,VD
1357,Lignerolle,VD
1358,Valeyres-sous-Rances,VD
1359,Rances,VD
1372,Bavois,VD
1373,Chavornay,VD
1374,Corcelles-sur-Chavornay,VD
1375,Penthéréaz,VD
1376,Goumoens-la-Ville,VD
1400,Yverdon-les-Bains,VD
1401,Yverdon,VD
1404,Cuarny,VD
1405,Pomy,VD
1406,Cronay,VD
1407,Donneloye,VD
1408,Prahins,VD
1409,Chanéaz,VD
1410,Thierrens,VD
1412,Valeyres-sous-Ursins,VD
1413,Orzens,VD
1414,Rueyres,VD
1415,Molondin,VD
1416,Pailly,VD
1417,Essertines-sur-Yverdon,VD
1418,Vuarrens,VD
1420,Fiez,VD
1421,Fontaines-sur-Grandson,VD
1422,Grandson,VD
1423,Villars-Burquin,VD
1424,Champagne,VD
1425,Onnens VD,VD
1426,Concise,VD
1427,Bonvillars,VD
1428,Provence-Mutrux,VD
1429,Giez,VD
1430,Orges,VD
1431,Vugelles-La Mothe,VD
1432,Belmont-sur-Yverdon,VD
1433,Suchy,VD
1434,Ependes VD,VD
1435,Essert-Pittet,VD
1436,Treycovagnes,VD
1437,Suscévaz,VD
1438,Mathod,VD
1440,Montagny-Chamard,VD
1441,Valeyres-sous-Montagny,VD
1442,Montagny-près-Yverdon,VD
1443,Champvent,VD
1445,Vuiteboeuf,VD
1446,Baulmes,VD
1450,Ste-Croix,VD
1452,Les Rasses,VD
1453,Bullet,VD
1454,L''Auberson,VD
1462,Yvonand,VD
1463,Rovray,VD
1464,Chavannes-le-Chêne,VD
1468,Cheyres,FR
1470,Estavayer-le-Lac,FR
1473,Font,FR
1474,Châbles FR,FR
1482,Cugy FR,FR
1483,Montet (Broye),FR
1484,Aumont,FR
1485,Nuvilly,FR
1486,Vuissens,FR
1489,Murist,FR
1503,Ecublens FR,FR
1510,Moudon,VD
1512,Chavannes-sur-Moudon,VD
1513,Hermenches,VD
1514,Bussy-sur-Moudon,VD
1515,Villars-le-Comte,VD
1516,Denezy,VD
1521,Curtilles,VD
1522,Lucens,VD
1523,Granges-près-Marnand,VD
1524,Marnand,VD
1525,Henniez,VD
1526,Forel-sur-Lucens,VD
1527,Villeneuve FR,FR
1528,Surpierre,FR
1529,Cheiry,FR
1530,Payerne,VD
1532,Fétigny,FR
1533,Ménières,FR
1534,Sassel,VD
1535,Combremont-le-Grand,VD
1536,Combremont-le-Petit,VD
1537,Champtauroz,VD
1538,Treytorrens (Payerne),VD
1541,Bussy FR,FR
1542,Rueyres-les-Prés,FR
1543,Grandcour,VD
1544,Gletterens,FR
1545,Chevroux,VD
1551,Vers-chez-Perrin,VD
1552,Trey,VD
1553,Châtonnaye,FR
1554,Sédeilles,VD
1555,Villarzel,VD
1556,Villars-Bramard,VD
1562,Corcelles-près-Payerne,VD
1563,Dompierre FR,FR
1564,Domdidier,FR
1565,Missy,VD
1566,St-Aubin FR,FR
1567,Delley,FR
1568,Portalban,FR
1569,Autavaux,FR
1580,Avenches,VD
1582,Donatyre,VD
1583,Villarepos,FR
1584,Villars-le-Grand,VD
1585,Salavaux,VD
1586,Vallamand,VD
1587,Montmagny,VD
1588,Cudrefin,VD
1589,Chabrey,VD
1595,Faoug,VD
1608,Oron-le-Châtel,VD
1609,St-Martin FR,FR
1610,Oron-la-Ville,VD
1611,Le Crêt-près-Semsales,FR
1612,Ecoteaux,VD
1613,Maracon,VD
1614,Granges (Veveyse),FR
1615,Bossonnens,FR
1616,Attalens,FR
1617,Remaufens,FR
1618,Châtel-St-Denis,FR
1619,Les Paccots,FR
1623,Semsales,FR
1624,La Verrerie,FR
1625,Sâles (Gruyère),FR
1626,Romanens,FR
1627,Vaulruz,FR
1628,Vuadens,FR
1630,Bulle,FR
1631,Bulle,FR
1632,Riaz,FR
1633,Marsens,FR
1634,La Roche FR,FR
1635,La Tour-de-Trême,FR
1636,Broc,FR
1637,Charmey (Gruyère),FR
1638,Morlon,FR
1641,Vuippens,FR
1642,Sorens,FR
1643,Gumefens,FR
1644,Avry-devant-Pont,FR
1645,Le Bry,FR
1646,Echarlens,FR
1647,Corbières,FR
1648,Hauteville,FR
1649,Pont-la-Ville,FR
1651,Villarvolard,FR
1652,Botterens,FR
1653,Crésuz-Châtel-Montsalvens,FR
1654,Cerniat FR,FR
1656,Jaun,FR
1657,Abländschen,BE
1661,Le Pâquier-Montbarry,FR
1662,Pringy,FR
1663,Gruyères,FR
1664,Epagny,FR
1665,Estavannens,FR
1666,Grandvillard,FR
1667,Enney,FR
1668,Neirivue,FR
1669,Albeuve,FR
1670,Ursy,FR
1671,Rue,FR
1673,Promasens,FR
1674,Vuarmarens,FR
1675,Vauderens,FR
1676,Chavannes-les-Forts,FR
1677,Prez-vers-Siviriez,FR
1678,Siviriez,FR
1679,Villaraboud,FR
1680,Romont FR,FR
1681,Billens,FR
1682,Prévonloup,VD
1683,Brenles,VD
1684,Mézières FR,FR
1685,Villariaz,FR
1686,Grangettes-près-Romont,FR
1687,Vuisternens-devant-Romont,FR
1688,Sommentier,FR
1689,Le Châtelard-près-Romont,FR
1690,Villaz-St-Pierre,FR
1691,Villarimboud,FR
1692,Massonnens,FR
1693,Orsonnens,FR
1694,Villarsiviriaux,FR
1695,Villarlod,FR
1696,Vuisternens-en-Ogoz,FR
1697,La Joux FR,FR
1698,Bouloz,FR
1699,Porsel,FR
1700,Fribourg,FR
1701,Fribourg,FR
1702,Fribourg,FR
1703,Fribourg,FR
1704,Fribourg,FR
1705,Fribourg,FR
1706,Fribourg,FR
1707,Fribourg,FR
1708,Fribourg,FR
1709,Fribourg,FR
1711,Schwarzsee,FR
1712,Tafers,FR
1713,St. Antoni,FR
1714,Heitenried,FR
1715,Alterswil FR,FR
1716,Plaffeien,FR
1717,St. Ursen,FR
1718,Rechthalten,FR
1719,Brünisried,FR
1720,Corminboeuf,FR
1721,Misery-Courtion,FR
1722,Bourguillon,FR
1723,Marly,FR
1724,Praroman-Le Mouret,FR
1725,Posieux,FR
1726,Farvagny,FR
1727,Corpataux-Magnedens,FR
1728,Rossens FR,FR
1729,Bonnefontaine,FR
1730,Ecuvillens,FR
1731,Ependes FR,FR
1732,Arconciel,FR
1733,Treyvaux,FR
1734,Tentlingen,FR
1735,Giffers,FR
1736,St. Silvester,FR
1737,Plasselb,FR
1738,Sangernboden,BE
1740,Neyruz FR,FR
1741,Cottens FR,FR
1742,Autigny,FR
1744,Chénens,FR
1745,Lentigny,FR
1746,Prez-vers-Noréaz,FR
1747,Corserey,FR
1748,Torny-le-Grand,FR
1749,Middes,FR
1752,Villars-sur-Glâne,FR
1753,Matran,FR
1754,Rosé,FR
1756,Onnens FR,FR
1757,Noréaz,FR
1762,Givisiez,FR
1763,Granges-Paccot,FR
1772,Grolley,FR
1773,Léchelles,FR
1774,Cousset,FR
1775,Mannens-Grandsivaz,FR
1776,Montagny-la-Ville,FR
1782,Belfaux,FR
1783,Pensier,FR
1784,Courtepin,FR
1785,Cressier FR,FR
1786,Sugiez,FR
1787,Môtier (Vully),FR
1788,Praz (Vully),FR
1789,Lugnorre,FR
1791,Courtaman,FR
1792,Cordast,FR
1793,Jeuss,FR
1794,Salvenach,FR
1795,Courlevon,FR
1796,Courgevaux,FR
1797,Münchenwiler,BE
1800,Vevey,VD
1801,Le Mont-Pèlerin,VD
1802,Corseaux,VD
1803,Chardonne,VD
1804,Corsier-sur-Vevey,VD
1805,Jongny,VD
1806,St-Légier-La Chiésaz,VD
1807,Blonay,VD
1808,Les Monts-de-Corsier,VD
1809,Fenil-sur-Corsier,VD
1811,Vevey Services spéciaux,VD
1812,Rivaz,VD
1813,St-Saphorin (Lavaux),VD
1814,La Tour-de-Peilz,VD
1815,Clarens,VD
1816,Chailly-Montreux,VD
1817,Brent,VD
1818,Montreux La Redoute,VD
1820,Montreux,VD
1822,Chernex,VD
1823,Glion,VD
1824,Caux,VD
1831,Montreux Sorties,VD
1832,Chamby,VD
1833,Les Avants,VD
1835,Montbovon,FR
1836,Rossinière,VD
1837,Château-d''Oex,VD
1838,Rougemont,VD
1839,Flendruz,VD
1844,Villeneuve VD,VD
1845,Noville,VD
1846,Chessel,VD
1847,Rennaz,VD
1852,Roche VD,VD
1853,Yvorne,VD
1854,Leysin,VD
1856,Corbeyrier,VD
1860,Aigle,VD
1862,Les Mosses,VD
1863,Le Sépey,VD
1864,Vers-l''Eglise,VD
1865,Les Diablerets,VD
1866,La Forclaz VD,VD
1867,Ollon VD,VD
1868,Collombey,VS
1869,Massongex,VS
1870,Monthey,VS
1871,Choëx,VS
1872,Troistorrents,VS
1873,Val-d''Illiez,VS
1874,Champéry,VS
1875,Morgins,VS
1880,Bex,VD
1882,Gryon,VD
1884,Villars-sur-Ollon,VD
1885,Chesières,VD
1886,Les Posses-sur-Bex,VD
1888,Les Plans-sur-Bex,VD
1890,St-Maurice,VS
1891,St-Maurice Sorties,VS
1892,Lavey-Village,VD
1893,Muraz (Collombey),VS
1894,Les Evouettes,VS
1895,Vionnaz,VS
1896,Vouvry,VS
1897,Bouveret,VS
1898,St-Gingolph,VS
1899,Torgon,VS
1902,Evionnaz,VS
1903,Collonges,VS
1904,Vernayaz,VS
1905,Dorénaz,VS
1906,Charrat,VS
1907,Saxon,VS
1908,Riddes,VS
1911,Ovronnaz,VS
1912,Leytron,VS
1913,Saillon,VS
1914,Isérables,VS
1918,Mayens-de-Riddes,VS
1920,Martigny,VS
1921,Martigny-Croix,VS
1922,Salvan,VS
1923,Les Marécottes,VS
1925,Finhaut,VS
1926,Fully,VS
1927,Chemin,VS
1928,Ravoire,VS
1929,Trient,VS
1932,Bovernier,VS
1933,Sembrancher,VS
1934,Le Châble VS,VS
1936,Verbier,VS
1937,Orsières,VS
1938,Champex,VS
1941,Vollèges,VS
1942,Levron,VS
1943,Praz-de-Fort,VS
1944,La Fouly VS,VS
1945,Liddes,VS
1946,Bourg-St-Pierre,VS
1947,Versegères,VS
1948,Lourtier,VS
1950,Sion,VS
1951,Sion,VS
1955,Chamoson,VS
1957,Ardon,VS
1958,St-Léonard,VS
1961,Vernamiège,VS
1962,Pont-de-la-Morge (Sion),VS
1963,Vétroz,VS
1964,Conthey,VS
1965,Savièse,VS
1966,Ayent,VS
1967,Bramois,VS
1968,Mase,VS
1969,St-Martin VS,VS
1971,Grimisuat,VS
1972,Anzère,VS
1973,Nax,VS
1974,Arbaz,VS
1975,St-Séverin,VS
1976,Erde,VS
1977,Icogne,VS
1978,Lens,VS
1981,Vex,VS
1982,Euseigne,VS
1983,Evolène,VS
1984,Les Haudères,VS
1985,La Sage,VS
1986,Arolla,VS
1987,Hérémence,VS
1988,Thyon-Les Collons,VS
1991,Salins,VS
1992,Les Agettes,VS
1993,Veysonnaz,VS
1994,Baar (Nendaz),VS
1996,Basse-Nendaz,VS
1997,Haute-Nendaz,VS
2000,Neuchâtel,NE
2003,Neuchâtel 3,NE
2004,Neuchâtel 4,NE
2005,Neuchâtel 5,NE
2006,Neuchâtel 6,NE
2007,Neuchâtel 7,NE
2008,Neuchâtel 8,NE
2009,Neuchâtel 9,NE
2010,Neuchâtel OFS,NE
2012,Auvernier,NE
2013,Colombier NE,NE
2014,Bôle,NE
2015,Areuse,NE
2016,Cortaillod,NE
2017,Boudry,NE
2022,Bevaix,NE
2023,Gorgier,NE
2024,St-Aubin-Sauges,NE
2025,Chez-le-Bart,NE
2027,Fresens-Montalchez,NE
2028,Vaumarcus,NE
2034,Peseux,NE
2035,Corcelles NE,NE
2036,Cormondrèche,NE
2042,Valangin,NE
2043,Boudevilliers,NE
2046,Fontaines NE,NE
2052,Fontainemelon,NE
2053,Cernier,NE
2054,Chézard-St-Martin,NE
2056,Dombresson,NE
2057,Villiers,NE
2058,Le Pâquier NE,NE
2063,Vilars NE,NE
2065,Savagnier,NE
2067,Chaumont,NE
2068,Hauterive NE,NE
2072,St-Blaise,NE
2073,Enges,NE
2074,Marin-Epagnier,NE
2075,Thielle-Wavre,NE
2076,Gals,BE
2087,Cornaux NE,NE
2088,Cressier NE,NE
2096,Neuchâtel Services Spéciaux,NE
2103,Noiraigue,NE
2105,Travers,NE
2108,Couvet,NE
2112,Môtiers NE,NE
2113,Boveresse,NE
2114,Fleurier,NE
2115,Buttes,NE
2116,Mont-de-Buttes,NE
2117,La Côte-aux-Fées,NE
2123,St-Sulpice NE,NE
2124,Les Sagnettes,NE
2126,Les Verrières,NE
2127,Les Bayards,NE
2149,Champ-du-Moulin,NE
2202,Chambrelien,NE
2203,Rochefort,NE
2205,Montmollin,NE
2206,Les Geneveys-sur-Coffrane,NE
2207,Coffrane,NE
2208,Les Hauts-Geneveys,NE
2209,La Vue-des-Alpes,NE
2300,La Chaux-de-Fonds,NE
2302,La Chaux-de-Fonds,NE
2303,La Chaux-de-Fonds,NE
2304,La Chaux-de-Fonds,NE
2305,La Chaux-de-Fonds,NE
2306,La Chaux-de-Fonds,NE
2314,La Sagne NE,NE
2315,Petit-Martel,NE
2316,Les Ponts-de-Martel,NE
2318,Brot-Plamboz,NE
2322,Le Crêt-du-Locle,NE
2325,Les Planchettes,NE
2332,La Cibourg,NE
2333,La Ferrière,BE
2336,Les Bois,JU
2338,Les Emibois-Muriaux,JU
2340,Le Noirmont,JU
2345,Les Breuleux,JU
2350,Saignelégier,JU
2353,Les Pommerats,JU
2354,Goumois,JU
2400,Le Locle,NE
2405,La Chaux-du-Milieu,NE
2406,La Brévine,NE
2407,La Châtagne,NE
2408,Le Brouillet,NE
2413,Le Prévoux,NE
2414,Le Cerneux-Péquignot,NE
2416,Les Brenets,NE
2500,Biel/Bienne,BE
2501,Biel/Bienne,BE
2502,Biel/Bienne,BE
2503,Biel/Bienne,BE
2504,Biel/Bienne,BE
2505,Biel/Bienne,BE
2510,Biel/Bienne Paketbasis,BE
2512,Tüscherz-Alfermée,BE
2513,Twann,BE
2514,Ligerz,BE
2515,Prêles,BE
2516,Lamboing,BE
2517,Diesse,BE
2518,Nods,BE
2520,La Neuveville,BE
2523,Lignières,NE
2525,Le Landeron,NE
2532,Magglingen/Macolin,BE
2533,Evilard,BE
2534,Orvin,BE
2535,Frinvillier,BE
2536,Plagne,BE
2537,Vauffelin,BE
2538,Romont BE,BE
2540,Grenchen,SO
2542,Pieterlen,BE
2543,Lengnau BE,BE
2544,Bettlach,SO
2545,Selzach,SO
2552,Orpund,BE
2553,Safnern,BE
2554,Meinisberg,BE
2555,Brügg BE,BE
2556,Scheuren,BE
2557,Studen BE,BE
2558,Aegerten,BE
2560,Nidau,BE
2562,Port,BE
2563,Ipsach,BE
2564,Bellmund,BE
2565,Jens,BE
2572,Sutz,BE
2575,Täuffelen,BE
2576,Lüscherz,BE
2577,Siselen BE,BE
2578,Brüttelen,BE
2603,Péry,BE
2604,La Heutte,BE
2605,Sonceboz-Sombeval,BE
2606,Corgémont,BE
2607,Cortébert,BE
2608,Courtelary,BE
2610,St-Imier,BE
2612,Cormoret,BE
2613,Villeret,BE
2615,Sonvilier,BE
2616,Renan BE,BE
2710,Tavannes,BE
2711,Le Prédame,JU
2712,Le Fuet,BE
2713,Bellelay,BE
2714,Les Genevez JU,JU
2715,Châtelat-Monible,BE
2716,Sornetan,BE
2717,Fornet-Dessous,BE
2718,Lajoux JU,JU
2720,Tramelan,BE
2722,Les Reussilles,BE
2723,Mont-Tramelan,BE
2732,Reconvilier,BE
2733,Pontenet,BE
2735,Malleray-Bévilard,BE
2736,Sorvilier,BE
2738,Court,BE
2740,Moutier,BE
2742,Perrefitte,BE
2743,Eschert,BE
2744,Belprahon,BE
2745,Grandval,BE
2746,Crémines,BE
2747,Corcelles BE,BE
2748,Souboz-Les Ecorcheresses,BE
2762,Roches BE,BE
2800,Delémont,JU
2802,Develier,JU
2803,Bourrignon,JU
2805,Soyhières,JU
2806,Mettembert,JU
2807,Pleigne,JU
2812,Movelier,JU
2813,Ederswiler,JU
2814,Roggenburg,BL
2822,Courroux,JU
2823,Courcelon,JU
2824,Vicques,JU
2825,Courchapoix,JU
2826,Corban,JU
2827,Mervelier,JU
2828,Montsevelier,JU
2829,Vermes,JU
2830,Courrendlin,JU
2832,Rebeuvelier,JU
2842,Rossemaison,JU
2843,Châtillon JU,JU
2852,Courtételle,JU
2853,Courfaivre,JU
2854,Bassecourt,JU
2855,Glovelier,JU
2856,Boécourt,JU
2857,Montavon,JU
2863,Undervelier,JU
2864,Soulce,JU
2873,Saulcy,JU
2874,St-Brais,JU
2875,Montfaucon,JU
2877,Le Bémont JU,JU
2882,St-Ursanne,JU
2883,Montmelon,JU
2884,Montenol,JU
2885,Epauvillers,JU
2886,Epiquerez,JU
2887,Soubey,JU
2888,Seleute,JU
2889,Ocourt,JU
2900,Porrentruy,JU
2902,Fontenais,JU
2903,Villars-sur-Fontenais,JU
2904,Bressaucourt,JU
2905,Courtedoux,JU
2906,Chevenez,JU
2907,Rocourt,JU
2908,Grandfontaine,JU
2912,Réclère-Roche-d''Or,JU
2914,Damvant,JU
2915,Bure,JU
2916,Fahy,JU
2922,Courchavon,JU
2923,Courtemaîche,JU
2924,Montignez,JU
2925,Buix,JU
2926,Boncourt,JU
2932,Coeuve,JU
2933,Damphreux-Lugnez,JU
2935,Beurnevésin,JU
2942,Alle,JU
2943,Vendlincourt,JU
2944,Bonfol,JU
2946,Miécourt,JU
2947,Charmoille,JU
2950,Courgenay,JU
2952,Cornol,JU
2953,Fregiécourt-Pleujouse,JU
2954,Asuel,JU
3000,Bern,BE
3001,Bern,BE
3002,Bern Postfinance,BE
3003,Bern,BE
3004,Bern,BE
3005,Bern,BE
3006,Bern,BE
3007,Bern,BE
3008,Bern,BE
3010,Bern,BE
3011,Bern,BE
3012,Bern,BE
3013,Bern,BE
3014,Bern,BE
3015,Bern,BE
3018,Bern,BE
3019,Bern,BE
3020,Bern,BE
3024,Bern,BE
3027,Bern,BE
3032,Hinterkappelen,BE
3033,Wohlen b. Bern,BE
3034,Murzelen,BE
3035,Frieswil,BE
3036,Detligen,BE
3037,Herrenschwanden,BE
3038,Kirchlindach,BE
3040,Bern,BE
3042,Ortschwaben,BE
3043,Uettligen,BE
3044,Innerberg-Säriswil,BE
3045,Meikirch,BE
3046,Wahlendorf,BE
3047,Bremgarten b. Bern,BE
3048,Worblaufen,BE
3050,Bern Swisscom,BE
3052,Zollikofen,BE
3053,Münchenbuchsee,BE
3054,Schüpfen,BE
3063,Ittigen,BE
3065,Bolligen,BE
3066,Stettlen,BE
3067,Boll,BE
3068,Utzigen,BE
3072,Ostermundigen,BE
3073,Gümligen,BE
3074,Muri b. Bern,BE
3075,Rüfenacht BE,BE
3076,Worb,BE
3077,Enggistein,BE
3078,Richigen,BE
3082,Schlosswil,BE
3083,Trimstein,BE
3084,Wabern,BE
3086,Zimmerwald,BE
3087,Niedermuhlern,BE
3088,Rüeggisberg,BE
3089,Hinterfultigen,BE
3095,Spiegel b. Bern,BE
3096,Oberbalm,BE
3097,Liebefeld,BE
3098,Köniz,BE
3099,Rüti b. Riggisberg,BE
3110,Münsingen,BE
3112,Allmendingen b. Bern,BE
3113,Rubigen,BE
3114,Wichtrach,BE
3115,Gerzensee,BE
3116,Kirchdorf BE,BE
3122,Kehrsatz,BE
3123,Belp,BE
3124,Belpberg,BE
3125,Toffen,BE
3126,Kaufdorf,BE
3127,Mühlethurnen,BE
3128,Kirchenthurnen,BE
3132,Riggisberg,BE
3144,Gasel,BE
3145,Niederscherli,BE
3147,Mittelhäusern,BE
3148,Lanzenhäusern,BE
3150,Schwarzenburg,BE
3152,Mamishaus,BE
3153,Rüschegg Gambach,BE
3154,Rüschegg Heubach,BE
3155,Helgisried-Rohrbach,BE
3156,Riffenmatt,BE
3157,Milken,BE
3158,Guggisberg,BE
3159,Riedstätt,BE
3172,Niederwangen b. Bern,BE
3173,Oberwangen b. Bern,BE
3174,Thörishaus,BE
3175,Flamatt,FR
3176,Neuenegg,BE
3177,Laupen BE,BE
3178,Bösingen,FR
3179,Kriechenwil,BE
3182,Ueberstorf,FR
3183,Albligen,BE
3184,Wünnewil,FR
3185,Schmitten FR,FR
3186,Düdingen,FR
3202,Frauenkappelen,BE
3203,Mühleberg,BE
3204,Rosshäusern,BE
3205,Gümmenen,BE
3206,Rizenbach,BE
3207,Wileroltigen,BE
3208,Gurbrü,BE
3210,Kerzers,FR
3212,Gurmels,FR
3213,Liebistorf,FR
3214,Ulmiz,FR
3215,Gempenach,FR
3216,Ried b. Kerzers,FR
3225,Müntschemier,BE
3226,Treiten,BE
3232,Ins,BE
3233,Tschugg,BE
3234,Vinelz,BE
3235,Erlach,BE
3236,Gampelen,BE
3250,Lyss,BE
3251,Wengi b. Büren,BE
3252,Worben,BE
3253,Schnottwil,SO
3254,Messen,SO
3255,Rapperswil BE,BE
3256,Dieterswil,BE
3257,Grossaffoltern,BE
3262,Suberg,BE
3263,Büetigen,BE
3264,Diessbach b. Büren,BE
3266,Wiler b. Seedorf,BE
3267,Seedorf BE,BE
3268,Lobsigen,BE
3270,Aarberg,BE
3271,Radelfingen b. Aarberg,BE
3272,Walperswil,BE
3273,Kappelen,BE
3274,Hermrigen,BE
3280,Murten,FR
3282,Bargen BE,BE
3283,Kallnach,BE
3284,Fräschels,FR
3285,Galmiz,FR
3286,Muntelier,FR
3292,Busswil b. Büren,BE
3293,Dotzigen,BE
3294,Büren an der Aare,BE
3295,Rüti b. Büren,BE
3296,Arch,BE
3297,Leuzigen,BE
3298,Oberwil b. Büren,BE
3302,Moosseedorf,BE
3303,Jegenstorf,BE
3305,Iffwil,BE
3306,Etzelkofen,BE
3307,Brunnenthal,SO
3308,Grafenried,BE
3309,Kernenried,BE
3312,Fraubrunnen,BE
3313,Büren zum Hof,BE
3314,Schalunen,BE
3315,Bätterkinden,BE
3317,Limpach,BE
3321,Schönbühl Einkaufszentrum,BE
3322,Schönbühl-Urtenen,BE
3323,Bäriswil BE,BE
3324,Hindelbank,BE
3325,Hettiswil b. Hindelbank,BE
3326,Krauchthal,BE
3360,Herzogenbuchsee,BE
3362,Niederönz,BE
3363,Oberönz,BE
3365,Grasswil,BE
3366,Bettenhausen,BE
3367,Thörigen,BE
3368,Bleienbach,BE
3372,Wanzwil,BE
3373,Röthenbach Herzogenbuchsee,BE
3374,Wangenried,BE
3375,Inkwil,BE
3376,Graben,BE
3377,Walliswil b. Wangen,BE
3380,Wangen an der Aare,BE
3400,Burgdorf,BE
3401,Burgdorf,BE
3402,Burgdorf,BE
3412,Heimiswil,BE
3413,Kaltacker,BE
3414,Oberburg,BE
3415,Hasle-Rüegsau,BE
3416,Affoltern im Emmental,BE
3417,Rüegsau,BE
3418,Rüegsbach,BE
3419,Biembach im Emmental,BE
3421,Lyssach,BE
3422,Kirchberg BE,BE
3423,Ersigen,BE
3424,Niederösch,BE
3425,Koppigen,BE
3426,Aefligen,BE
3427,Utzenstorf,BE
3428,Wiler b. Utzenstorf,BE
3429,Höchstetten-Hellsau,BE
3432,Lützelflüh-Goldbach,BE
3433,Schwanden im Emmental,BE
3434,Obergoldbach,BE
3435,Ramsei,BE
3436,Zollbrück,BE
3437,Rüderswil,BE
3438,Lauperswil,BE
3439,Ranflüh,BE
3452,Grünenmatt,BE
3453,Heimisbach,BE
3454,Sumiswald,BE
3455,Grünen,BE
3456,Trachselwald,BE
3457,Wasen im Emmental,BE
3462,Weier im Emmental,BE
3463,Häusernmoos im Emmental,BE
3464,Schmidigen-Mühleweg,BE
3465,Dürrenroth,BE
3472,Wynigen,BE
3473,Alchenstorf,BE
3474,Rüedisbach,BE
3475,Riedtwil,BE
3476,Oschwand,BE
3502,Tägertschi,BE
3503,Gysenstein,BE
3504,Niederhünigen,BE
3506,Grosshöchstetten,BE
3507,Biglen,BE
3508,Arni BE,BE
3510,Konolfingen,BE
3512,Walkringen,BE
3513,Bigenthal,BE
3531,Oberthal,BE
3532,Zäziwil,BE
3533,Bowil,BE
3534,Signau,BE
3535,Schüpbach,BE
3536,Aeschau,BE
3537,Eggiwil,BE
3538,Röthenbach im Emmental,BE
3543,Emmenmatt,BE
3550,Langnau im Emmental,BE
3551,Oberfrittenbach,BE
3552,Bärau,BE
3553,Gohl,BE
3555,Trubschachen,BE
3556,Trub,BE
3557,Fankhaus (Trub),BE
3600,Thun,BE
3601,Thun,BE
3602,Thun,BE
3603,Thun,BE
3604,Thun,BE
3605,Thun,BE
3606,Thun,BE
3607,Thun,BE
3608,Thun,BE
3612,Steffisburg,BE
3613,Steffisburg,BE
3614,Unterlangenegg,BE
3615,Heimenschwand,BE
3616,Schwarzenegg,BE
3617,Fahrni b. Thun,BE
3618,Süderen,BE
3619,Eriz,BE
3622,Homberg b. Thun,BE
3623,Teuffenthal b. Thun,BE
3624,Goldiwil (Thun),BE
3625,Heiligenschwendi,BE
3626,Hünibach,BE
3627,Heimberg,BE
3628,Uttigen,BE
3629,Kiesen,BE
3631,Höfen b. Thun,BE
3632,Stocken,BE
3633,Amsoldingen,BE
3634,Thierachern,BE
3635,Uebeschi,BE
3636,Längenbühl,BE
3638,Blumenstein,BE
3645,Gwatt (Thun),BE
3646,Einigen,BE
3647,Reutigen,BE
3652,Hilterfingen,BE
3653,Oberhofen am Thunersee,BE
3654,Gunten,BE
3655,Sigriswil,BE
3656,Tschingel ob Gunten,BE
3657,Schwanden (Sigriswil),BE
3658,Merligen,BE
3661,Uetendorf,BE
3662,Seftigen,BE
3663,Gurzelen,BE
3664,Burgistein,BE
3665,Wattenwil,BE
3671,Brenzikofen,BE
3672,Oberdiessbach,BE
3673,Linden,BE
3674,Bleiken b. Oberdiessbach,BE
3700,Spiez,BE
3702,Hondrich,BE
3703,Aeschi b. Spiez,BE
3704,Krattigen,BE
3705,Faulensee,BE
3706,Leissigen,BE
3707,Därligen,BE
3711,Emdthal,BE
3713,Reichenbach im Kandertal,BE
3714,Frutigen,BE
3715,Adelboden,BE
3716,Kandergrund,BE
3717,Blausee-Mitholz,BE
3718,Kandersteg,BE
3722,Scharnachtal,BE
3723,Kiental,BE
3724,Ried (Frutigen),BE
3725,Achseten,BE
3752,Wimmis,BE
3753,Oey,BE
3754,Diemtigen,BE
3755,Horboden,BE
3756,Zwischenflüh,BE
3757,Schwenden im Diemtigtal,BE
3758,Latterbach,BE
3762,Erlenbach im Simmental,BE
3763,Därstetten,BE
3764,Weissenburg,BE
3765,Oberwil im Simmental,BE
3766,Boltigen,BE
3770,Zweisimmen,BE
3771,Blankenburg,BE
3772,St. Stephan,BE
3773,Matten (St. Stephan),BE
3775,Lenk im Simmental,BE
3776,Oeschseite,BE
3777,Saanenmöser,BE
3778,Schönried,BE
3780,Gstaad,BE
3781,Turbach,BE
3782,Lauenen b. Gstaad,BE
3783,Grund b. Gstaad,BE
3784,Feutersoey,BE
3785,Gsteig b. Gstaad,BE
3792,Saanen,BE
3800,Interlaken,BE
3801,Interlaken Ausgänge,BE
3802,Waldegg (Beatenberg),BE
3803,Beatenberg,BE
3804,Habkern,BE
3805,Goldswil b. Interlaken,BE
3806,Bönigen b. Interlaken,BE
3807,Iseltwald,BE
3812,Wilderswil,BE
3813,Saxeten,BE
3814,Gsteigwiler,BE
3815,Zweilütschinen,BE
3816,Lütschental,BE
3818,Grindelwald,BE
3822,Lauterbrunnen,BE
3823,Wengen,BE
3824,Stechelberg,BE
3825,Mürren,BE
3826,Gimmelwald,BE
3852,Ringgenberg BE,BE
3853,Niederried b. Interlaken,BE
3854,Oberried am Brienzersee,BE
3855,Brienz BE,BE
3856,Brienzwiler,BE
3857,Unterbach BE,BE
3858,Hofstetten b. Brienz,BE
3860,Meiringen,BE
3862,Innertkirchen,BE
3863,Gadmen,BE
3864,Guttannen,BE
3900,Brig,VS
3901,Brig Ausgänge,VS
3902,Glis,VS
3903,Mund,VS
3904,Naters,VS
3905,Saas Almagell,VS
3906,Saas Fee,VS
3907,Simplon Dorf,VS
3908,Saas Balen,VS
3909,Eisten,VS
3910,Saas Grund,VS
3911,Ried-Brig,VS
3912,Termen,VS
3913,Rosswald,VS
3914,Blatten b. Naters,VS
3915,Goppenstein,VS
3916,Ferden,VS
3917,Kippel,VS
3918,Wiler (Lötschen),VS
3919,Blatten (Lötschen),VS
3920,Zermatt,VS
3922,Stalden VS,VS
3923,Törbel,VS
3924,St. Niklaus VS,VS
3925,Grächen,VS
3926,Embd,VS
3927,Herbriggen,VS
3928,Randa,VS
3929,Täsch,VS
3930,Visp,VS
3931,Eyholz,VS
3932,Visperterminen,VS
3933,Staldenried,VS
3934,Zeneggen,VS
3935,Bürchen,VS
3936,St. German,VS
3937,Baltschieder,VS
3938,Ausserberg,VS
3939,Eggerberg,VS
3940,Steg VS,VS
3942,Raron,VS
3943,Eischoll,VS
3944,Unterbäch VS,VS
3945,Gampel,VS
3946,Turtmann,VS
3947,Ergisch,VS
3948,Unterems,VS
3949,Hohtenn,VS
3951,Agarn,VS
3952,Susten,VS
3953,Leuk Stadt,VS
3954,Leukerbad,VS
3955,Albinen,VS
3956,Guttet-Feschel,VS
3957,Erschmatt,VS
3960,Sierre,VS
3961,Sierre Sorties,VS
3962,Montana-Vermala,VS
3963,Crans-sur-Sierre,VS
3964,Muraz (Sierre),VS
3965,Chippis,VS
3966,Chalais,VS
3967,Vercorin,VS
3968,Veyras,VS
3969,Varen,VS
3970,Salgesch,VS
3971,Chermignon,VS
3972,Miège,VS
3973,Venthône,VS
3974,Mollens VS,VS
3975,Randogne,VS
3976,Noës,VS
3977,Granges VS,VS
3978,Flanthey,VS
3979,Grône,VS
3981,Brig Ausgänge,VS
3982,Bitsch,VS
3983,Mörel,VS
3984,Fiesch,VS
3985,Münster VS,VS
3986,Ried-Mörel,VS
3987,Riederalp,VS
3988,Ulrichen,VS
3989,Biel VS,VS
3991,Betten,VS
3992,Bettmeralp,VS
3993,Grengiols,VS
3994,Lax,VS
3995,Ernen,VS
3996,Binn,VS
3997,Bellwald,VS
3998,Reckingen VS,VS
3999,Oberwald,VS
4000,Basel,BS
4001,Basel,BS
4003,Basel,BS
4004,Basel,BS
4005,Basel,BS
4006,Basel,BS
4007,Basel,BS
4008,Basel,BS
4009,Basel,BS
4010,Basel,BS
4011,Basel,BS
4012,Basel,BS
4013,Basel,BS
4015,Basel,BS
4016,Basel,BS
4017,Basel,BS
4018,Basel,BS
4019,Basel,BS
4020,Basel,BS
4021,Basel,BS
4023,Basel,BL
4024,Basel,BS
4025,Basel,BS
4027,Basel,BS
4028,Basel,BS
4030,Basel,BS
4031,Basel,BS
4032,Basel,BS
4051,Basel,BS
4052,Basel,BS
4053,Basel,BS
4054,Basel,BS
4055,Basel,BS
4056,Basel,BS
4057,Basel,BS
4058,Basel,BS
4059,Basel,BS
4065,Basel SBB Cargo AG,BS
4070,Basel,BS
4078,Basel Reader''s Digest,BS
4091,Basel,BS
4101,Bruderholz,BL
4102,Binningen,BL
4103,Bottmingen,BL
4104,Oberwil BL,BL
4105,Biel-Benken BL,BL
4106,Therwil,BL
4107,Ettingen,BL
4108,Witterswil,SO
4112,Bättwil-Flüh,SO
4114,Hofstetten SO,SO
4115,Mariastein,SO
4116,Metzerlen,SO
4117,Burg im Leimental,BL
4118,Rodersdorf,SO
4123,Allschwil,BL
4124,Schönenbuch,BL
4125,Riehen,BS
4126,Bettingen,BS
4127,Birsfelden,BL
4132,Muttenz,BL
4133,Pratteln,BL
4140,Münchenstein Spengler AG,BL
4142,Münchenstein,BL
4143,Dornach,SO
4144,Arlesheim,BL
4145,Gempen,SO
4146,Hochwald,SO
4147,Aesch BL,BL
4148,Pfeffingen,BL
4153,Reinach BL,BL
4202,Duggingen,BL
4203,Grellingen,BL
4204,Himmelried,SO
4206,Seewen SO,SO
4207,Bretzwil,BL
4208,Nunningen,SO
4222,Zwingen,BL
4223,Blauen,BL
4224,Nenzlingen,BL
4225,Brislach,BL
4226,Breitenbach,SO
4227,Büsserach,SO
4228,Erschwil,SO
4229,Beinwil SO,SO
4232,Fehren,SO
4233,Meltingen,SO
4234,Zullwil,SO
4242,Laufen,BL
4243,Dittingen,BL
4244,Röschenz,BL
4245,Kleinlützel,SO
4246,Wahlen b. Laufen,BL
4247,Grindel,SO
4252,Bärschwil,SO
4253,Liesberg,BL
4254,Liesberg Dorf,BL
4302,Augst BL,BL
4303,Kaiseraugst,AG
4304,Giebenach,BL
4305,Olsberg,AG
4310,Rheinfelden,AG
4312,Magden,AG
4313,Möhlin,AG
4314,Zeiningen,AG
4315,Zuzgen,AG
4316,Hellikon,AG
4317,Wegenstetten,AG
4322,Mumpf,AG
4323,Wallbach,AG
4324,Obermumpf,AG
4325,Schupfart,AG
4332,Stein AG,AG
4333,Münchwilen AG,AG
4334,Sisseln AG,AG
4402,Frenkendorf,BL
4410,Liestal,BL
4411,Seltisberg,BL
4412,Nuglar,SO
4413,Büren SO,SO
4414,Füllinsdorf,BL
4415,Lausen,BL
4416,Bubendorf,BL
4417,Ziefen,BL
4418,Reigoldswil,BL
4419,Lupsingen,BL
4421,St. Pantaleon,SO
4422,Arisdorf,BL
4423,Hersberg,BL
4424,Arboldswil,BL
4425,Titterten,BL
4426,Lauwil,BL
4431,Bennwil,BL
4432,Lampenberg,BL
4433,Ramlinsburg,BL
4434,Hölstein,BL
4435,Niederdorf,BL
4436,Oberdorf BL,BL
4437,Waldenburg,BL
4438,Langenbruck,BL
4441,Thürnen,BL
4442,Diepflingen,BL
4443,Wittinsburg,BL
4444,Rümlingen,BL
4445,Häfelfingen,BL
4446,Buckten,BL
4447,Känerkinden,BL
4448,Läufelfingen,BL
4450,Sissach,BL
4451,Wintersingen,BL
4452,Itingen,BL
4453,Nusshof,BL
4455,Zunzgen,BL
4456,Tenniken,BL
4457,Diegten,BL
4458,Eptingen,BL
4460,Gelterkinden,BL
4461,Böckten,BL
4462,Rickenbach BL,BL
4463,Buus,BL
4464,Maisprach,BL
4465,Hemmiken,BL
4466,Ormalingen,BL
4467,Rothenfluh,BL
4468,Kienberg,SO
4469,Anwil,BL
4492,Tecknau,BL
4493,Wenslingen,BL
4494,Oltingen,BL
4495,Zeglingen,BL
4496,Kilchberg BL,BL
4497,Rünenberg,BL
4500,Solothurn,SO
4501,Solothurn,SO
4502,Solothurn,SO
4503,Solothurn,SO
4504,Solothurn,SO
4509,Solothurn,SO
4512,Bellach,SO
4513,Langendorf,SO
4514,Lommiswil,SO
4515,Oberdorf SO,SO
4522,Rüttenen,SO
4523,Niederwil SO,SO
4524,Günsberg,SO
4525,Balm b. Günsberg,SO
4528,Zuchwil,SO
4532,Feldbrunnen,SO
4533,Riedholz,SO
4534,Flumenthal,SO
4535,Hubersdorf,SO
4536,Attiswil,BE
4537,Wiedlisbach,BE
4538,Oberbipp,BE
4539,Rumisberg,BE
4542,Luterbach,SO
4543,Deitingen,SO
4552,Derendingen,SO
4553,Subingen,SO
4554,Etziken,SO
4556,Aeschi SO,SO
4557,Horriwil,SO
4558,Hersiwil,SO
4562,Biberist,SO
4563,Gerlafingen,SO
4564,Obergerlafingen,SO
4565,Recherswil,SO
4566,Kriegstetten,SO
4571,Lüterkofen-Ichertswil,SO
4573,Lohn-Ammannsegg,SO
4574,Nennigkofen,SO
4576,Tscheppach,SO
4577,Hessigkofen,SO
4578,Bibern SO,SO
4579,Gossliwil,SO
4581,Küttigkofen,SO
4582,Brügglen,SO
4583,Mühledorf SO,SO
4584,Lüterswil-Gächliwil,SO
4585,Biezwil,SO
4586,Kyburg-Buchegg,SO
4587,Aetingen,SO
4588,Unterramsern,SO
4600,Olten,SO
4601,Olten,SO
4603,Olten,SO
4609,Olten Sonderdienste,SO
4612,Wangen b. Olten,SO
4613,Rickenbach SO,SO
4614,Hägendorf,SO
4615,Allerheiligenberg,SO
4616,Kappel SO,SO
4617,Gunzgen,SO
4618,Boningen,SO
4620,Härkingen Paketzentrum,SO
4622,Egerkingen,SO
4623,Neuendorf,SO
4624,Härkingen,SO
4625,Oberbuchsiten,SO
4626,Niederbuchsiten,SO
4628,Wolfwil,SO
4629,Fulenbach,SO
4632,Trimbach,SO
4633,Hauenstein,SO
4634,Wisen SO,SO
4652,Winznau,SO
4653,Obergösgen,SO
4654,Lostorf,SO
4655,Stüsslingen,SO
4656,Starrkirch-Wil,SO
4657,Dulliken,SO
4658,Däniken SO,SO
4663,Aarburg,AG
4665,Oftringen,AG
4702,Oensingen,SO
4703,Kestenholz,SO
4704,Niederbipp,BE
4710,Balsthal,SO
4712,Laupersdorf,SO
4713,Matzendorf,SO
4714,Aedermannsdorf,SO
4715,Herbetswil,SO
4716,Welschenrohr,SO
4717,Mümliswil,SO
4718,Holderbank SO,SO
4719,Ramiswil,SO
4800,Zofingen,AG
4801,Zofingen Ringier AG,AG
4802,Strengelbach,AG
4803,Vordemwald,AG
4805,Brittnau,AG
4806,Wikon,LU
4812,Mühlethal,AG
4813,Uerkheim,AG
4814,Bottenwil,AG
4852,Rothrist,AG
4853,Murgenthal,AG
4856,Glashütten,AG
4900,Langenthal,BE
4901,Langenthal,BE
4902,Langenthal,BE
4903,Langenthal,BE
4911,Schwarzhäusern,BE
4912,Aarwangen,BE
4913,Bannwil,BE
4914,Roggwil BE,BE
4915,St. Urban,LU
4916,Untersteckholz,BE
4917,Melchnau,BE
4919,Reisiswil,BE
4922,Bützberg,BE
4923,Wynau,BE
4924,Obersteckholz,BE
4932,Lotzwil,BE
4933,Rütschelen,BE
4934,Madiswil,BE
4935,Leimiswil,BE
4936,Kleindietwil,BE
4937,Ursenbach,BE
4938,Rohrbach,BE
4942,Walterswil BE,BE
4943,Oeschenbach,BE
4944,Auswil,BE
4950,Huttwil,BE
4952,Eriswil,BE
4953,Schwarzenbach (Huttwil),BE
4954,Wyssachen,BE
4955,Gondiswil,BE
5000,Aarau,AG
5001,Aarau,AG
5004,Aarau,AG
5012,Schönenwerd,SO
5013,Niedergösgen,SO
5014,Gretzenbach,SO
5015,Niedererlinsbach,SO
5016,Obererlinsbach,SO
5017,Barmelweid,AG
5018,Erlinsbach,AG
5022,Rombach,AG
5023,Biberstein,AG
5024,Küttigen,AG
5025,Asp,AG
5026,Densbüren,AG
5027,Herznach,AG
5028,Ueken,AG
5032,Rohr AG,AG
5033,Buchs AG,AG
5034,Suhr,AG
5035,Unterentfelden,AG
5036,Oberentfelden,AG
5037,Muhen,AG
5040,Schöftland,AG
5042,Hirschthal,AG
5043,Holziken,AG
5044,Schlossrued,AG
5046,Schmiedrued-Walde,AG
5053,Staffelbach,AG
5054,Kirchleerau-Moosleerau,AG
5056,Attelwil,AG
5057,Reitnau,AG
5058,Wiliberg,AG
5062,Oberhof,AG
5063,Wölflinswil,AG
5064,Wittnau,AG
5070,Frick,AG
5072,Oeschgen,AG
5073,Gipf-Oberfrick,AG
5074,Eiken,AG
5075,Hornussen,AG
5076,Bözen,AG
5077,Elfingen,AG
5078,Effingen,AG
5079,Zeihen,AG
5080,Laufenburg,AG
5082,Kaisten,AG
5083,Ittenthal,AG
5084,Rheinsulz,AG
5085,Sulz AG,AG
5102,Rupperswil,AG
5103,Wildegg,AG
5105,Auenstein,AG
5106,Veltheim AG,AG
5107,Schinznach Dorf,AG
5108,Oberflachs,AG
5112,Thalheim AG,AG
5113,Holderbank AG,AG
5116,Schinznach Bad,AG
5200,Brugg AG,AG
5201,Brugg AG,AG
5210,Windisch,AG
5212,Hausen b. Brugg,AG
5213,Villnachern,AG
5222,Umiken,AG
5223,Riniken,AG
5224,Unterbözberg,AG
5225,Oberbözberg,AG
5232,Villigen PSI,AG
5233,Stilli,AG
5234,Villigen,AG
5235,Rüfenach AG,AG
5236,Remigen,AG
5237,Mönthal,AG
5242,Birr-Lupfig,AG
5243,Mülligen,AG
5244,Birrhard,AG
5245,Habsburg,AG
5246,Scherz,AG
5272,Gansingen,AG
5273,Oberhofen AG,AG
5274,Mettau,AG
5275,Etzgen,AG
5276,Wil AG,AG
5277,Hottwil,AG
5300,Turgi,AG
5301,Siggenthal Station,AG
5303,Würenlingen,AG
5304,Endingen,AG
5305,Unterendingen,AG
5306,Tegerfelden,AG
5312,Döttingen,AG
5313,Klingnau,AG
5314,Kleindöttingen,AG
5315,Böttstein,AG
5316,Leuggern,AG
5317,Hettenschwil,AG
5318,Mandach,AG
5322,Koblenz,AG
5323,Rietheim,AG
5324,Full-Reuenthal,AG
5325,Leibstadt,AG
5326,Schwaderloch,AG
5330,Zurzach,AG
5332,Rekingen AG,AG
5333,Baldingen,AG
5334,Böbikon,AG
5400,Baden,AG
5401,Baden,AG
5402,Baden,AG
5403,Baden,AG
5404,Baden,AG
5405,Baden,AG
5406,Baden,AG
5408,Ennetbaden,AG
5412,Gebenstorf,AG
5413,Birmenstorf AG,AG
5415,Nussbaumen b. Baden,AG
5416,Kirchdorf AG,AG
5417,Untersiggenthal,AG
5422,Oberehrendingen,AG
5423,Freienwil,AG
5424,Unterehrendingen,AG
5425,Schneisingen,AG
5426,Lengnau AG,AG
5430,Wettingen,AG
5431,Wettingen Sonderdienste,AG
5432,Neuenhof,AG
5436,Würenlos,AG
5442,Fislisbach,AG
5443,Niederrohrdorf,AG
5444,Künten,AG
5445,Eggenwil,AG
5452,Oberrohrdorf,AG
5453,Remetschwil,AG
5454,Bellikon,AG
5462,Siglistorf,AG
5463,Wislikofen,AG
5464,Rümikon AG,AG
5465,Mellikon,AG
5466,Kaiserstuhl AG,AG
5467,Fisibach,AG
5502,Hunzenschwil,AG
5503,Schafisheim,AG
5504,Othmarsingen,AG
5505,Brunegg,AG
5506,Mägenwil,AG
5507,Mellingen,AG
5510,Hunzenschwil LZ,AG
5512,Wohlenschwil,AG
5522,Tägerig,AG
5524,Niederwil AG,AG
5525,Fischbach-Göslikon,AG
5600,Lenzburg,AG
5601,Lenzburg Sonderdienste,AG
5603,Staufen,AG
5604,Hendschiken,AG
5605,Dottikon,AG
5606,Dintikon,AG
5607,Hägglingen,AG
5608,Stetten AG,AG
5610,Wohlen AG,AG
5611,Anglikon (Wohlen AG),AG
5612,Villmergen,AG
5613,Hilfikon,AG
5614,Sarmenstorf,AG
5615,Fahrwangen,AG
5616,Meisterschwanden,AG
5617,Tennwil,AG
5618,Bettwil,AG
5619,Büttikon AG,AG
5620,Bremgarten AG,AG
5621,Zufikon,AG
5622,Waltenschwil,AG
5623,Boswil,AG
5624,Bünzen,AG
5625,Kallern,AG
5626,Hermetschwil-Staffeln,AG
5627,Besenbüren,AG
5628,Aristau,AG
5630,Muri AG,AG
5632,Buttwil,AG
5634,Merenschwand,AG
5636,Benzenschwil,AG
5637,Beinwil (Freiamt),AG
5642,Mühlau,AG
5643,Sins,AG
5644,Auw,AG
5645,Aettenschwil,AG
5646,Abtwil AG,AG
5647,Oberrüti,AG
5702,Niederlenz,AG
5703,Seon,AG
5704,Egliswil,AG
5705,Hallwil,AG
5706,Boniswil,AG
5707,Seengen,AG
5708,Birrwil,AG
5712,Beinwil am See,AG
5722,Gränichen,AG
5723,Teufenthal AG,AG
5724,Dürrenäsch,AG
5725,Leutwil,AG
5726,Unterkulm,AG
5727,Oberkulm,AG
5728,Gontenschwil,AG
5732,Zetzwil,AG
5733,Leimbach AG,AG
5734,Reinach AG,AG
5735,Pfeffikon LU,LU
5736,Burg AG,AG
5737,Menziken,AG
5742,Kölliken,AG
5745,Safenwil,AG
5746,Walterswil SO,SO
6000,Luzern,LU
6003,Luzern,LU
6004,Luzern,LU
6005,Luzern,LU
6006,Luzern,LU
6007,Luzern,LU
6009,Luzern,LU
6010,Kriens,LU
6011,Kriens,LU
6012,Obernau,LU
6013,Eigenthal,LU
6014,Littau,LU
6015,Reussbühl,LU
6016,Hellbühl,LU
6017,Ruswil,LU
6018,Buttisholz,LU
6019,Sigigen,LU
6020,Emmenbrücke,LU
6021,Emmenbrücke 1,LU
6022,Grosswangen,LU
6023,Rothenburg,LU
6024,Hildisrieden,LU
6025,Neudorf,LU
6026,Rain,LU
6027,Römerswil LU,LU
6028,Herlisberg,LU
6030,Ebikon,LU
6031,Ebikon,LU
6032,Emmen,LU
6033,Buchrain,LU
6034,Inwil,LU
6035,Perlen,LU
6036,Dierikon,LU
6037,Root,LU
6038,Gisikon,LU
6042,Dietwil,AG
6043,Adligenswil,LU
6044,Udligenswil,LU
6045,Meggen,LU
6047,Kastanienbaum,LU
6048,Horw,LU
6052,Hergiswil NW,NW
6053,Alpnachstad,OW
6055,Alpnach Dorf,OW
6056,Kägiswil,OW
6060,Sarnen,OW
6061,Sarnen 1,OW
6062,Wilen (Sarnen),OW
6063,Stalden (Sarnen),OW
6064,Kerns,OW
6066,St. Niklausen OW,OW
6067,Melchtal,OW
6068,Melchsee-Frutt,OW
6072,Sachseln,OW
6073,Flüeli-Ranft,OW
6074,Giswil,OW
6076,Kleinteil,OW
6078,Lungern,OW
6082,Brünig,BE
6083,Hasliberg Hohfluh,BE
6084,Hasliberg Wasserwendi,BE
6085,Hasliberg Goldern,BE
6086,Hasliberg Reuti,BE
6102,Malters,LU
6103,Schwarzenberg LU,LU
6105,Schachen LU,LU
6106,Werthenstein,LU
6110,Wolhusen,LU
6112,Doppleschwand,LU
6113,Romoos,LU
6114,Steinhuserberg,LU
6122,Menznau,LU
6123,Geiss,LU
6125,Menzberg,LU
6126,Daiwil,LU
6130,Willisau,LU
6132,Rohrmatt,LU
6133,Hergiswil b. Willisau,LU
6142,Gettnau,LU
6143,Ohmstal,LU
6144,Zell LU,LU
6145,Fischbach LU,LU
6146,Grossdietwil,LU
6147,Altbüron,LU
6152,Hüswil,LU
6153,Ufhusen,LU
6154,Hofstatt,LU
6156,Luthern,LU
6160,Entlebuch Ackermann Versand,LU
6161,Entlebuch Sonderdienste,LU
6162,Entlebuch,LU
6163,Ebnet,LU
6166,Hasle LU,LU
6167,Bramboden,LU
6170,Schüpfheim,LU
6173,Flühli LU,LU
6174,Sörenberg,LU
6182,Escholzmatt,LU
6192,Wiggen,LU
6196,Marbach LU,LU
6197,Schangnau,BE
6203,Sempach Station,LU
6204,Sempach Stadt,LU
6205,Eich,LU
6206,Neuenkirch,LU
6207,Nottwil,LU
6208,Oberkirch LU,LU
6210,Sursee,LU
6212,St. Erhard,LU
6213,Knutwil,LU
6214,Schenkon,LU
6215,Beromünster,LU
6216,Mauensee,LU
6217,Kottwil,LU
6218,Ettiswil,LU
6221,Rickenbach LU,LU
6222,Gunzwil,LU
6231,Schlierbach,LU
6232,Geuensee,LU
6233,Büron,LU
6234,Triengen,LU
6235,Winikon,LU
6236,Wilihof,LU
6242,Wauwil,LU
6243,Egolzwil,LU
6244,Nebikon,LU
6245,Ebersecken,LU
6246,Altishofen,LU
6247,Schötz,LU
6248,Alberswil,LU
6252,Dagmersellen,LU
6253,Uffikon,LU
6260,Reiden,LU
6262,Langnau b. Reiden,LU
6263,Richenthal,LU
6264,Pfaffnau,LU
6265,Roggliswil,LU
6274,Eschenbach LU,LU
6275,Ballwil,LU
6276,Hohenrain,LU
6277,Kleinwangen,LU
6280,Hochdorf,LU
6281,Hochdorf,LU
6283,Baldegg,LU
6284,Gelfingen,LU
6285,Hitzkirch,LU
6286,Altwis,LU
6287,Aesch LU,LU
6288,Schongau,LU
6289,Müswangen,LU
6294,Ermensee,LU
6295,Mosen,LU
6300,Zug,ZG
6301,Zug,ZG
6302,Zug,ZG
6303,Zug,ZG
6304,Zug,ZG
6305,Zug 5 Annahme,ZG
6310,Zug Sonderdienste,ZG
6312,Steinhausen,ZG
6313,Menzingen,ZG
6314,Unterägeri,ZG
6315,Oberägeri,ZG
6317,Oberwil b. Zug,ZG
6318,Walchwil,ZG
6319,Allenwinden,ZG
6330,Cham,ZG
6331,Hünenberg,ZG
6332,Hagendorn,ZG
6340,Baar,ZG
6341,Baar,ZG
6342,Baar,ZG
6343,Rotkreuz,ZG
6344,Meierskappel,LU
6345,Neuheim,ZG
6349,Baar Sonderdienste,ZG
6353,Weggis,LU
6354,Vitznau,LU
6356,Rigi Kaltbad,LU
6362,Stansstad,NW
6363,Obbürgen,NW
6365,Kehrsiten,NW
6370,Stans,NW
6371,Stans,NW
6372,Ennetmoos,NW
6373,Ennetbürgen,NW
6374,Buochs,NW
6375,Beckenried,NW
6376,Emmetten,NW
6377,Seelisberg,UR
6382,Büren NW,NW
6383,Dallenwil,NW
6386,Wolfenschiessen,NW
6387,Oberrickenbach,NW
6388,Grafenort,OW
6390,Engelberg,OW
6391,Engelberg,OW
6402,Merlischachen,SZ
6403,Küssnacht am Rigi,SZ
6404,Greppen,LU
6405,Immensee,SZ
6410,Goldau,SZ
6414,Oberarth,SZ
6415,Arth,SZ
6416,Steinerberg,SZ
6417,Sattel,SZ
6418,Rothenthurm,SZ
6422,Steinen,SZ
6423,Seewen SZ,SZ
6424,Lauerz,SZ
6430,Schwyz,SZ
6431,Schwyz,SZ
6432,Rickenbach b. Schwyz,SZ
6433,Stoos SZ,SZ
6434,Illgau,SZ
6436,Muotathal,SZ
6438,Ibach,SZ
6440,Brunnen,SZ
6442,Gersau,SZ
6443,Morschach,SZ
6452,Sisikon,UR
6454,Flüelen,UR
6460,Altdorf UR,UR
6461,Isenthal,UR
6462,Seedorf UR,UR
6463,Bürglen UR,UR
6464,Spiringen,UR
6465,Unterschächen,UR
6466,Bauen,UR
6467,Schattdorf,UR
6468,Attinghausen,UR
6469,Haldi b. Schattdorf,UR
6472,Erstfeld,UR
6473,Silenen,UR
6474,Amsteg,UR
6475,Bristen,UR
6476,Intschi,UR
6482,Gurtnellen,UR
6484,Wassen UR,UR
6485,Meien,UR
6487,Göschenen,UR
6490,Andermatt,UR
6491,Realp,UR
6493,Hospental,UR
6500,Bellinzona,TI
6501,Bellinzona,TI
6503,Bellinzona,TI
6506,Bellinzona 6 Autopostale TI,TI
6512,Giubiasco,TI
6513,Monte Carasso,TI
6514,Sementina,TI
6515,Gudo,TI
6516,Cugnasco,TI
6517,Arbedo,TI
6518,Gorduno,TI
6523,Preonzo,TI
6524,Moleno,TI
6525,Gnosca,TI
6526,Prosito,TI
6527,Lodrino,TI
6528,Camorino,TI
6532,Castione,TI
6533,Lumino,TI
6534,S. Vittore,GR
6535,Roveredo GR,GR
6537,Grono,GR
6538,Verdabbio,GR
6540,Castaneda,GR
6541,Sta. Maria in Calanca,GR
6542,Buseno,GR
6543,Arvigo,GR
6544,Braggio,GR
6545,Selma,GR
6546,Cauco,GR
6547,Augio,GR
6548,Rossa,GR
6549,Laura,GR
6556,Leggia,GR
6557,Cama,GR
6558,Lostallo,GR
6562,Soazza,GR
6563,Mesocco,GR
6565,S. Bernardino,GR
6571,Indemini,TI
6572,Quartino,TI
6573,Magadino,TI
6574,Vira (Gambarogno),TI
6575,S. Nazzaro,TI
6576,Gerra (Gambarogno),TI
6577,Ranzo,TI
6578,Caviano,TI
6579,Piazzogna,TI
6582,Pianezzo,TI
6583,S. Antonio (Val Morobbia),TI
6584,Carena,TI
6592,S. Antonino,TI
6593,Cadenazzo,TI
6594,Contone,TI
6595,Riazzino,TI
6596,Gordola,TI
6597,Agarone,TI
6598,Tenero,TI
6599,Robasacco,TI
6600,Locarno,TI
6601,Locarno,TI
6602,Muralto,TI
6604,Locarno,TI
6605,Locarno,TI
6611,Locarno Sortite,TI
6612,Ascona,TI
6613,Porto Ronco,TI
6614,Brissago,TI
6616,Losone,TI
6618,Arcegno,TI
6622,Ronco sopra Ascona,TI
6631,Corippo,TI
6632,Vogorno,TI
6633,Lavertezzo,TI
6634,Brione (Verzasca),TI
6635,Gerra (Verzasca),TI
6636,Frasco,TI
6637,Sonogno,TI
6644,Orselina,TI
6645,Brione sopra Minusio,TI
6646,Contra,TI
6647,Mergoscia,TI
6648,Minusio,TI
6652,Tegna,TI
6653,Verscio,TI
6654,Cavigliano,TI
6655,Intragna,TI
6656,Golino,TI
6657,Palagnedra,TI
6658,Borgnone,TI
6659,Camedo,TI
6661,Loco,TI
6662,Russo,TI
6663,Comologno,TI
6664,Vergeletto,TI
6670,Avegno,TI
6672,Gordevio,TI
6673,Maggia,TI
6674,Someo,TI
6675,Cevio,TI
6676,Bignasco,TI
6677,Moghegno-Aurigeno,TI
6678,Giumaglio,TI
6682,Linescio,TI
6683,Cerentino,TI
6684,Campo (Vallemaggia),TI
6685,Bosco/Gurin,TI
6690,Cavergno,TI
6692,Menzonio,TI
6693,Broglio,TI
6694,Prato-Sornico,TI
6695,Peccia,TI
6696,Fusio,TI
6702,Claro,TI
6703,Osogna,TI
6705,Cresciano,TI
6707,Iragna,TI
6710,Biasca,TI
6713,Malvaglia,TI
6714,Semione,TI
6715,Dongio,TI
6716,Acquarossa,TI
6717,Dangio-Torre,TI
6718,Olivone,TI
6719,Aquila,TI
6720,Campo (Blenio),TI
6721,Ludiano,TI
6722,Corzoneso,TI
6723,Prugiasco,TI
6724,Ponto Valentino,TI
6742,Pollegio,TI
6743,Bodio TI,TI
6744,Personico,TI
6745,Giornico,TI
6746,Lavorgo,TI
6747,Chironico,TI
6748,Anzonico,TI
6749,Sobrio,TI
6760,Faido,TI
6762,Faido Stazione,TI
6763,Osco,TI
6764,Chiggiogna,TI
6772,Rodi-Fiesso,TI
6773,Prato (Leventina),TI
6774,Dalpe,TI
6775,Ambrì,TI
6776,Piotta,TI
6777,Quinto,TI
6780,Airolo,TI
6781,Airolo Sortite,TI
6802,Rivera,TI
6803,Camignolo,TI
6804,Bironico,TI
6805,Mezzovico,TI
6806,Sigirino,TI
6807,Taverne,TI
6808,Torricella,TI
6809,Medeglia,TI
6810,Isone,TI
6814,Lamone-Cadempino,TI
6815,Melide,TI
6816,Bissone,TI
6817,Maroggia,TI
6818,Melano,TI
6821,Rovio,TI
6822,Arogno,TI
6823,Pugerna,TI
6825,Capolago,TI
6826,Riva S. Vitale,TI
6827,Brusino Arsizio,TI
6828,Balerna,TI
6830,Chiasso,TI
6832,Pedrinate,TI
6833,Vacallo,TI
6834,Morbio Inferiore,TI
6835,Morbio Superiore,TI
6836,Serfontana,TI
6837,Caneggio,TI
6838,Muggio,TI
6839,Sagno,TI
6850,Mendrisio,TI
6852,Genestrerio,TI
6853,Ligornetto,TI
6854,S. Pietro,TI
6855,Stabio,TI
6862,Rancate,TI
6863,Besazio,TI
6864,Arzo,TI
6865,Tremona,TI
6866,Meride,TI
6867,Serpiano,TI
6871,Mendrisio CS,TI
6872,Salorino,TI
6873,Corteglia,TI
6874,Castel S. Pietro,TI
6875,Casima,TI
6877,Coldrerio,TI
6883,Novazzano,TI
6900,Lugano,TI
6901,Lugano,TI
6902,Lugano 2 Paradiso Caselle,TI
6903,Lugano,TI
6904,Lugano 4 Molino Nuovo Casel,TI
6906,Lugano 6 Cassarate Caselle,TI
6907,Lugano 7 Loreto Caselle,TI
6908,Massagno Caselle,TI
6910,Lugano Servizi Speciali,TI
6911,Campione d''Italia,I
6912,Pazzallo,TI
6913,Carabbia,TI
6914,Carona,TI
6915,Pambio-Noranco,TI
6916,Grancia,TI
6917,Barbengo,TI
6918,Figino,TI
6919,Carabietta,TI
6921,Vico Morcote,TI
6922,Morcote,TI
6924,Sorengo,TI
6925,Gentilino,TI
6926,Montagnola,TI
6927,Agra,TI
6928,Manno,TI
6929,Gravesano,TI
6930,Bedano,TI
6932,Breganzona,TI
6933,Muzzano,TI
6934,Bioggio,TI
6935,Bosco Luganese,TI
6936,Cademario,TI
6937,Breno,TI
6938,Vezio,TI
6939,Arosio,TI
6942,Savosa,TI
6943,Vezia,TI
6944,Cureglia,TI
6945,Origlio,TI
6946,Ponte Capriasca,TI
6947,Vaglio,TI
6948,Porza,TI
6949,Comano,TI
6950,Tesserete,TI
6951,Lugano Sortite,TI
6952,Canobbio,TI
6953,Lugaggia,TI
6954,Sala Capriasca,TI
6955,Cagiallo,TI
6956,Lopagno,TI
6957,Roveredo TI,TI
6958,Bidogno,TI
6959,Maglio di Colla,TI
6962,Viganello,TI
6963,Pregassona,TI
6964,Davesco-Soragno,TI
6965,Cadro,TI
6966,Villa Luganese,TI
6967,Dino,TI
6968,Sonvico,TI
6974,Aldesago,TI
6976,Castagnola,TI
6977,Ruvigliana,TI
6978,Gandria,TI
6979,Brè sopra Lugano,TI
6980,Castelrotto,TI
6981,Lugano Sortite,TI
6982,Agno,TI
6983,Magliaso,TI
6984,Pura,TI
6986,Novaggio,TI
6987,Caslano,TI
6988,Ponte Tresa,TI
6989,Purasca,TI
6990,Cassina d''Agno,TI
6991,Neggio,TI
6992,Vernate,TI
6993,Iseo,TI
6994,Aranno,TI
6995,Molinazzo di Monteggio,TI
6996,Ponte Cremenaga,TI
6997,Sessa,TI
6998,Termine,TI
6999,Astano,TI
7000,Chur,GR
7001,Chur,GR
7002,Chur,GR
7003,Chur Postauto GR Reg. Chur,GR
7004,Chur,GR
7005,Chur,GR
7006,Chur,GR
7007,Chur,GR
7012,Felsberg,GR
7013,Domat/Ems,GR
7014,Trin,GR
7015,Tamins,GR
7016,Trin Mulin,GR
7017,Flims Dorf,GR
7018,Flims Waldhaus,GR
7019,Fidaz,GR
7023,Haldenstein,GR
7026,Maladers,GR
7027,Castiel,GR
7028,St. Peter,GR
7029,Peist,GR
7031,Laax GR,GR
7032,Laax GR 2,GR
7050,Arosa,GR
7056,Molinis,GR
7057,Langwies,GR
7058,Litzirüti,GR
7062,Passugg-Araschgen,GR
7063,Praden,GR
7064,Tschiertschen,GR
7074,Malix,GR
7075,Churwalden,GR
7076,Parpan,GR
7077,Valbella,GR
7078,Lenzerheide/Lai,GR
7082,Vaz/Obervaz,GR
7083,Lantsch/Lenz,GR
7084,Brienz/Brinzauls GR,GR
7104,Versam,GR
7106,Tenna,GR
7107,Safien Platz,GR
7108,Mura (Safien),GR
7109,Thalkirch,GR
7111,Pitasch,GR
7112,Duvin,GR
7113,Camuns,GR
7114,Uors (Lumnezia),GR
7115,Surcasti,GR
7116,Tersnaus,GR
7122,Valendas,GR
7126,Castrisch,GR
7127,Sevgein,GR
7128,Riein,GR
7130,Ilanz,GR
7132,Vals,GR
7133,Obersaxen Affeier,GR
7134,Obersaxen Meierhof,GR
7135,Obersaxen Giraniga,GR
7136,Obersaxen Friggahüs,GR
7137,Flond,GR
7138,Surcuolm,GR
7141,Luven,GR
7142,Cumbel,GR
7143,Morissen,GR
7144,Vella,GR
7145,Degen,GR
7146,Vattiz,GR
7147,Vignogn,GR
7148,Lumbrein,GR
7149,Vrin,GR
7151,Schluein,GR
7152,Sagogn,GR
7153,Falera,GR
7154,Ruschein,GR
7155,Ladir,GR
7156,Rueun,GR
7157,Siat,GR
7158,Waltensburg/Vuorz,GR
7159,Andiast,GR
7162,Tavanasa,GR
7163,Danis,GR
7164,Dardin,GR
7165,Breil/Brigels,GR
7166,Trun,GR
7167,Zignau,GR
7168,Schlans,GR
7172,Rabius,GR
7173,Surrein,GR
7174,S. Benedetg,GR
7175,Sumvitg,GR
7176,Cumpadials,GR
7180,Disentis/Mustér,GR
7182,Cavardiras,GR
7183,Mompé Medel,GR
7184,Curaglia,GR
7185,Platta,GR
7186,Segnas,GR
7187,Camischolas,GR
7188,Sedrun,GR
7189,Rueras,GR
7201,Untervaz Bahnhof,GR
7202,Says,GR
7203,Trimmis,GR
7204,Untervaz,GR
7205,Zizers,GR
7206,Igis,GR
7207,Landquart Fabriken,GR
7208,Malans GR,GR
7212,Seewis Dorf,GR
7213,Valzeina,GR
7214,Grüsch,GR
7215,Fanas,GR
7220,Schiers,GR
7222,Mittellunden,GR
7223,Buchen im Prättigau,GR
7224,Putz,GR
7226,Stels,GR
7228,Schuders,GR
7231,Pragg-Jenaz,GR
7232,Furna,GR
7233,Jenaz,GR
7235,Fideris,GR
7240,Küblis,GR
7241,Conters im Prättigau,GR
7242,Luzein,GR
7243,Pany,GR
7244,Gadenstätt,GR
7245,Ascharina,GR
7246,St. Antönien,GR
7247,Saas im Prättigau,GR
7249,Serneus,GR
7250,Klosters,GR
7252,Klosters Dorf,GR
7260,Davos Dorf,GR
7265,Davos Wolfgang,GR
7270,Davos Platz,GR
7272,Davos Clavadel,GR
7276,Davos Frauenkirch,GR
7277,Davos Glaris,GR
7278,Davos Monstein,GR
7302,Landquart,GR
7303,Mastrils,GR
7304,Maienfeld,GR
7306,Fläsch,GR
7307,Jenins,GR
7310,Bad Ragaz,SG
7312,Pfäfers,SG
7313,St. Margrethenberg,SG
7314,Vadura,SG
7315,Vättis,SG
7317,Valens,SG
7320,Sargans,SG
7323,Wangs,SG
7324,Vilters,SG
7325,Schwendi im Weisstannental,SG
7326,Weisstannen,SG
7402,Bonaduz,GR
7403,Rhäzüns,GR
7404,Feldis/Veulden,GR
7405,Rothenbrunnen,GR
7408,Cazis,GR
7411,Sils im Domleschg,GR
7412,Scharans,GR
7413,Fürstenaubruck,GR
7414,Fürstenau,GR
7415,Rodels,GR
7416,Almens,GR
7417,Paspels,GR
7418,Tumegl/Tomils,GR
7419,Scheid,GR
7421,Summaprada,GR
7422,Tartar,GR
7423,Sarn,GR
7424,Präz,GR
7425,Masein,GR
7426,Flerden,GR
7427,Urmein,GR
7428,Tschappina,GR
7430,Thusis,GR
7431,Thusis Ausgänge,GR
7432,Zillis,GR
7433,Donath,GR
7434,Sufers,GR
7435,Splügen,GR
7436,Medels im Rheinwald,GR
7437,Nufenen,GR
7438,Hinterrhein,GR
7440,Andeer,GR
7442,Clugin,GR
7443,Pignia,GR
7444,Ausserferrera,GR
7445,Innerferrera,GR
7446,Campsut-Cröt,GR
7447,Cresta (Avers),GR
7448,Juf,GR
7450,Tiefencastel,GR
7451,Alvaschein,GR
7452,Cunter,GR
7453,Tinizong,GR
7454,Rona,GR
7455,Mulegns,GR
7456,Sur,GR
7457,Bivio,GR
7458,Mon,GR
7459,Stierva,GR
7460,Savognin,GR
7462,Salouf,GR
7463,Riom,GR
7464,Parsonz,GR
7472,Surava,GR
7473,Alvaneu Bad,GR
7477,Filisur,GR
7482,Bergün/Bravuogn,GR
7484,Latsch,GR
7492,Alvaneu Dorf,GR
7493,Schmitten (Albula),GR
7494,Wiesen GR,GR
7500,St. Moritz,GR
7502,Bever,GR
7503,Samedan,GR
7504,Pontresina,GR
7505,Celerina/Schlarigna,GR
7512,Champfèr,GR
7513,Silvaplana,GR
7514,Sils/Segl Maria,GR
7515,Sils/Segl Baselgia,GR
7516,Maloja,GR
7517,Plaun da Lej,GR
7522,La Punt-Chamues-ch,GR
7523,Madulain,GR
7524,Zuoz,GR
7525,S-chanf,GR
7526,Cinuos-chel,GR
7527,Brail,GR
7530,Zernez,GR
7532,Tschierv,GR
7533,Fuldera,GR
7534,Lü,GR
7535,Valchava,GR
7536,Sta. Maria Val Müstair,GR
7537,Müstair,GR
7542,Susch,GR
7543,Lavin,GR
7545,Guarda,GR
7546,Ardez,GR
7550,Scuol,GR
7551,Ftan,GR
7552,Vulpera,GR
7553,Tarasp,GR
7554,Sent,GR
7556,Ramosch,GR
7557,Vnà,GR
7558,Strada,GR
7559,Tschlin,GR
7560,Martina,GR
7562,Samnaun-Compatsch,GR
7563,Samnaun Dorf,GR
7602,Casaccia,GR
7603,Vicosoprano,GR
7604,Borgonovo,GR
7605,Stampa,GR
7606,Promontogno,GR
7608,Castasegna,GR
7610,Soglio,GR
7710,Ospizio Bernina,GR
7741,S. Carlo (Poschiavo),GR
7742,Poschiavo,GR
7743,Brusio,GR
7744,Campocologno,GR
7745,Li Curt,GR
7746,Le Prese,GR
7747,Viano,GR
7748,Campascio,GR
8000,Zürich,ZH
8001,Zürich,ZH
8002,Zürich,ZH
8003,Zürich,ZH
8004,Zürich,ZH
8005,Zürich,ZH
8006,Zürich,ZH
8008,Zürich,ZH
8010,Zürich-Mülligen Postzentrum,ZH
8022,Zürich,ZH
8023,Zürich,ZH
8024,Zürich,ZH
8025,Zürich,ZH
8026,Zürich,ZH
8027,Zürich,ZH
8028,Zürich,ZH
8029,Zürich,ZH
8030,Zürich,ZH
8031,Zürich,ZH
8032,Zürich,ZH
8033,Zürich,ZH
8034,Zürich,ZH
8035,Zürich,ZH
8036,Zürich,ZH
8037,Zürich,ZH
8038,Zürich,ZH
8039,Zürich,ZH
8040,Zürich,ZH
8041,Zürich,ZH
8042,Zürich,ZH
8043,Zürich,ZH
8044,Zürich,ZH
8045,Zürich,ZH
8046,Zürich,ZH
8047,Zürich,ZH
8048,Zürich,ZH
8049,Zürich,ZH
8050,Zürich,ZH
8051,Zürich,ZH
8052,Zürich,ZH
8053,Zürich,ZH
8055,Zürich,ZH
8056,Zürich,ZH
8057,Zürich,ZH
8058,Zürich,ZH
8060,Zürich,ZH
8061,Zürich,ZH
8062,Zürich,ZH
8063,Zürich,ZH
8064,Zürich,ZH
8065,Zürich,ZH
8066,Zürich,ZH
8070,Zürich Crédit Suisse,ZH
8071,Zürich CS PZ,ZH
8079,Zürich,ZH
8085,Zürich Versicherung,ZH
8086,Zürich Reader''s Digest,ZH
8087,Zürich,ZH
8088,Zürich Jelmoli-Versand,ZH
8090,Zürich Amtsstellen Kt ZH,ZH
8091,Zürich,ZH
8092,Zürich ETH-Zentrum,ZH
8093,Zürich ETH-Hönggerberg,ZH
8098,Zürich UBS,ZH
8099,Zürich Sonderdienste,ZH
8102,Oberengstringen,ZH
8103,Unterengstringen,ZH
8104,Weiningen ZH,ZH
8105,Regensdorf,ZH
8106,Regensdorf 2,ZH
8107,Buchs ZH,ZH
8108,Dällikon,ZH
8112,Otelfingen,ZH
8113,Boppelsen,ZH
8114,Dänikon ZH,ZH
8115,Hüttikon,ZH
8117,Fällanden,ZH
8118,Pfaffhausen,ZH
8121,Benglen,ZH
8122,Binz,ZH
8123,Ebmatingen,ZH
8124,Maur,ZH
8125,Zollikerberg,ZH
8126,Zumikon,ZH
8127,Forch,ZH
8130,Zumikon Yves Rocher SA,ZH
8132,Egg b. Zürich,ZH
8133,Esslingen,ZH
8134,Adliswil,ZH
8135,Langnau am Albis,ZH
8136,Gattikon,ZH
8142,Uitikon Waldegg,ZH
8143,Stallikon,ZH
8152,Glattbrugg,ZH
8153,Rümlang,ZH
8154,Oberglatt ZH,ZH
8155,Niederhasli,ZH
8156,Oberhasli,ZH
8157,Dielsdorf,ZH
8158,Regensberg,ZH
8162,Steinmaur,ZH
8164,Bachs,ZH
8165,Schöfflisdorf,ZH
8166,Niederweningen,ZH
8172,Niederglatt ZH,ZH
8173,Neerach,ZH
8174,Stadel b. Niederglatt,ZH
8175,Windlach,ZH
8180,Bülach,ZH
8181,Höri,ZH
8182,Hochfelden,ZH
8183,Bülach Paketbasis,ZH
8184,Bachenbülach,ZH
8185,Winkel,ZH
8187,Weiach,ZH
8192,Glattfelden,ZH
8193,Eglisau,ZH
8194,Hüntwangen,ZH
8195,Wasterkingen,ZH
8196,Wil ZH,ZH
8197,Rafz,ZH
8198,Rümlang Voice Publishing,ZH
8200,Schaffhausen,SH
8201,Schaffhausen,SH
8202,Schaffhausen,SH
8203,Schaffhausen,SH
8204,Schaffhausen,SH
8205,Schaffhausen,SH
8206,Schaffhausen,SH
8207,Schaffhausen,SH
8208,Schaffhausen,SH
8212,Neuhausen am Rheinfall,SH
8213,Neunkirch,SH
8214,Gächlingen,SH
8215,Hallau,SH
8216,Oberhallau,SH
8217,Wilchingen,SH
8218,Osterfingen,SH
8219,Trasadingen,SH
8222,Beringen,SH
8223,Guntmadingen,SH
8224,Löhningen,SH
8225,Siblingen,SH
8226,Schleitheim,SH
8228,Beggingen,SH
8231,Hemmental,SH
8232,Merishausen,SH
8233,Bargen SH,SH
8234,Stetten SH,SH
8235,Lohn SH,SH
8236,Büttenhardt,SH
8238,Büsingen (D),D
8239,Dörflingen,SH
8240,Thayngen,SH
8241,Barzheim,SH
8242,Bibern SH,SH
8243,Altdorf SH,SH
8245,Feuerthalen,ZH
8246,Langwiesen,ZH
8247,Flurlingen,ZH
8248,Uhwiesen,ZH
8252,Schlatt TG,TG
8253,Diessenhofen,TG
8254,Basadingen,TG
8255,Schlattingen,TG
8259,Kaltenbach,TG
8260,Stein am Rhein,SH
8261,Hemishofen,SH
8262,Ramsen,SH
8263,Buch SH,SH
8264,Eschenz,TG
8265,Mammern,TG
8266,Steckborn,TG
8267,Berlingen,TG
8268,Mannenbach-Salenstein,TG
8272,Ermatingen,TG
8273,Triboltingen,TG
8274,Tägerwilen,TG
8280,Kreuzlingen,TG
8285,Kreuzlingen Photocolor AG,TG
8288,Kreuzlingen Sonderdienste,TG
8301,Glattzentrum b. Wallisellen,ZH
8302,Kloten,ZH
8303,Bassersdorf,ZH
8304,Wallisellen,ZH
8305,Dietlikon,ZH
8306,Brüttisellen,ZH
8307,Effretikon,ZH
8308,Illnau,ZH
8309,Nürensdorf,ZH
8310,Kemptthal,ZH
8311,Brütten,ZH
8312,Winterberg ZH,ZH
8314,Kyburg,ZH
8315,Lindau,ZH
8317,Tagelswangen,ZH
8320,Fehraltorf,ZH
8321,Wildberg,ZH
8322,Madetswil,ZH
8325,Effretikon Paketbasis,ZH
8330,Pfäffikon ZH,ZH
8331,Auslikon,ZH
8332,Russikon,ZH
8335,Hittnau,ZH
8340,Hinwil,ZH
8342,Wernetshausen,ZH
8343,Hinwil Paketbasis,ZH
8344,Bäretswil,ZH
8345,Adetswil,ZH
8352,Räterschen,ZH
8353,Elgg,ZH
8354,Hofstetten ZH,ZH
8355,Aadorf,TG
8356,Ettenhausen TG,TG
8357,Guntershausen b. Aadorf,TG
8360,Eschlikon TG,TG
8362,Balterswil,TG
8363,Bichelsee,TG
8370,Sirnach,TG
8372,Wiezikon b. Sirnach,TG
8374,Dussnang,TG
8376,Fischingen,TG
8400,Winterthur,ZH
8401,Winterthur,ZH
8402,Winterthur,ZH
8404,Winterthur,ZH
8405,Winterthur,ZH
8406,Winterthur,ZH
8407,Winterthur,ZH
8408,Winterthur,ZH
8409,Winterthur,ZH
8410,Winterthur,ZH
8411,Winterthur,ZH
8412,Aesch b. Neftenbach,ZH
8413,Neftenbach,ZH
8414,Buch am Irchel,ZH
8415,Berg am Irchel,ZH
8416,Flaach,ZH
8418,Schlatt b. Winterthur,ZH
8421,Dättlikon,ZH
8422,Pfungen,ZH
8423,Embrach-Embraport,ZH
8424,Embrach,ZH
8425,Oberembrach,ZH
8426,Lufingen,ZH
8427,Rorbas-Freienstein,ZH
8428,Teufen ZH,ZH
8442,Hettlingen,ZH
8444,Henggart,ZH
8447,Dachsen,ZH
8450,Andelfingen,ZH
8451,Kleinandelfingen,ZH
8452,Adlikon b. Andelfingen,ZH
8453,Alten,ZH
8454,Buchberg,SH
8455,Rüdlingen,SH
8457,Humlikon,ZH
8458,Dorf,ZH
8459,Volken,ZH
8460,Marthalen,ZH
8461,Oerlingen,ZH
8462,Rheinau,ZH
8463,Benken ZH,ZH
8464,Ellikon am Rhein,ZH
8465,Rudolfingen,ZH
8466,Trüllikon,ZH
8467,Truttikon,ZH
8468,Waltalingen,ZH
8471,Rutschwil-Dägerlen,ZH
8472,Seuzach,ZH
8474,Dinhard,ZH
8475,Ossingen,ZH
8476,Unterstammheim,ZH
8477,Oberstammheim,ZH
8478,Thalheim an der Thur,ZH
8479,Altikon,ZH
8482,Sennhof (Winterthur),ZH
8483,Kollbrunn,ZH
8484,Weisslingen,ZH
8486,Rikon im Tösstal,ZH
8487,Zell ZH,ZH
8488,Turbenthal,ZH
8492,Wila,ZH
8493,Saland,ZH
8494,Bauma,ZH
8495,Schmidrüti,ZH
8496,Steg im Tösstal,ZH
8497,Fischenthal,ZH
8498,Gibswil-Ried,ZH
8499,Sternenberg,ZH
8500,Frauenfeld,TG
8501,Frauenfeld,TG
8502,Frauenfeld,TG
8503,Frauenfeld,TG
8505,Pfyn,TG
8506,Lanzenneunforn,TG
8507,Hörhausen,TG
8508,Homburg,TG
8510,Frauenfeld Kant. Verwaltung,TG
8512,Thundorf,TG
8514,Amlikon-Bissegg,TG
8520,Frauenfeld Paketzentrum,TG
8522,Häuslenen,TG
8523,Hagenbuch ZH,ZH
8524,Uesslingen,TG
8525,Niederneunforn,TG
8526,Oberneunforn,TG
8532,Warth,TG
8535,Herdern,TG
8536,Hüttwilen,TG
8537,Nussbaumen TG,TG
8542,Wiesendangen,ZH
8544,Rickenbach-Attikon,ZH
8545,Rickenbach b. Winterthur,ZH
8546,Islikon,TG
8547,Gachnang,TG
8548,Ellikon an der Thur,ZH
8552,Felben-Wellhausen,TG
8553,Hüttlingen-Mettendorf,TG
8554,Müllheim-Wigoltingen,TG
8555,Müllheim Dorf,TG
8556,Wigoltingen,TG
8558,Raperswilen,TG
8559,Fruthwilen,TG
8560,Märstetten,TG
8561,Ottoberg,TG
8564,Hefenhausen,TG
8565,Hugelshofen,TG
8566,Neuwilen,TG
8570,Weinfelden,TG
8572,Berg TG,TG
8573,Siegershausen,TG
8574,Lengwil-Oberhofen,TG
8575,Bürglen TG,TG
8576,Mauren TG,TG
8577,Schönholzerswilen,TG
8578,Neukirch an der Thur,TG
8580,Amriswil,TG
8581,Schocherswil,TG
8583,Sulgen,TG
8584,Leimbach TG,TG
8586,Erlen,TG
8587,Oberaach,TG
8588,Zihlschlacht,TG
8589,Sitterdorf,TG
8590,Romanshorn,TG
8592,Uttwil,TG
8593,Kesswil,TG
8594,Güttingen,TG
8595,Altnau,TG
8596,Scherzingen,TG
8597,Landschlacht,TG
8598,Bottighofen,TG
8599,Salmsach,TG
8600,Dübendorf,ZH
8602,Wangen b. Dübendorf,ZH
8603,Schwerzenbach,ZH
8604,Volketswil,ZH
8605,Gutenswil,ZH
8606,Nänikon,ZH
8607,Aathal-Seegräben,ZH
8608,Bubikon,ZH
8609,Schwerzenbach,ZH
8610,Uster,ZH
8612,Uster 2,ZH
8613,Uster 3,ZH
8614,Bertschikon (Gossau ZH),ZH
8615,Wermatswil,ZH
8616,Riedikon,ZH
8617,Mönchaltorf,ZH
8618,Oetwil am See,ZH
8620,Wetzikon ZH,ZH
8621,Wetzikon ZH 4,ZH
8622,Wetzikon ZH,ZH
8623,Wetzikon ZH,ZH
8624,Grüt (Gossau ZH),ZH
8625,Gossau ZH,ZH
8626,Ottikon (Gossau ZH),ZH
8627,Grüningen,ZH
8630,Rüti ZH,ZH
8632,Tann,ZH
8633,Wolfhausen,ZH
8634,Hombrechtikon,ZH
8635,Dürnten,ZH
8636,Wald ZH,ZH
8637,Laupen ZH,ZH
8638,Goldingen,SG
8639,Faltigberg,ZH
8640,Rapperswil SG,SG
8645,Jona,SG
8646,Wagen,SG
8650,Jona Paketbasis,SG
8660,Schwerzenbach Seka/Primo,ZH
8700,Küsnacht ZH,ZH
8702,Zollikon,ZH
8703,Erlenbach ZH,ZH
8704,Herrliberg,ZH
8706,Meilen,ZH
8707,Uetikon am See,ZH
8708,Männedorf,ZH
8712,Stäfa,ZH
8713,Uerikon,ZH
8714,Feldbach,ZH
8715,Bollingen,SG
8716,Schmerikon,SG
8717,Benken SG,SG
8718,Schänis,SG
8722,Kaltbrunn,SG
8723,Rufi,SG
8725,Ernetschwil,SG
8726,Ricken SG,SG
8727,Walde SG,SG
8730,Uznach,SG
8732,Neuhaus SG,SG
8733,Eschenbach SG,SG
8734,Ermenswil,SG
8735,St. Gallenkappel,SG
8737,Gommiswald,SG
8738,Uetliburg SG,SG
8739,Rieden SG,SG
8740,Uznach Vögele Versandhaus,SG
8750,Glarus,GL
8751,Urnerboden,UR
8752,Näfels,GL
8753,Mollis,GL
8754,Netstal,GL
8755,Ennenda,GL
8756,Mitlödi,GL
8757,Filzbach,GL
8758,Obstalden,GL
8759,Netstal,GL
8762,Schwanden GL,GL
8765,Engi,GL
8766,Matt,GL
8767,Elm,GL
8772,Nidfurn,GL
8773,Haslen GL,GL
8775,Luchsingen-Hätzingen,GL
8777,Diesbach GL,GL
8782,Rüti GL,GL
8783,Linthal,GL
8784,Braunwald,GL
8800,Thalwil,ZH
8802,Kilchberg ZH,ZH
8803,Rüschlikon,ZH
8804,Au ZH,ZH
8805,Richterswil,ZH
8806,Bäch SZ,SZ
8807,Freienbach,SZ
8808,Pfäffikon SZ,SZ
8810,Horgen,ZH
8812,Horgen,ZH
8813,Horgen,ZH
8815,Horgenberg,ZH
8816,Hirzel,ZH
8818,Horgen Paketbasis,ZH
8820,Wädenswil,ZH
8824,Schönenberg ZH,ZH
8825,Hütten,ZH
8832,Wollerau,SZ
8833,Samstagern,ZH
8834,Schindellegi,SZ
8835,Feusisberg,SZ
8836,Bennau,SZ
8840,Einsiedeln,SZ
8841,Gross,SZ
8842,Unteriberg,SZ
8843,Oberiberg,SZ
8844,Euthal,SZ
8845,Studen SZ,SZ
8846,Willerzell,SZ
8847,Egg SZ,SZ
8849,Alpthal,SZ
8852,Altendorf,SZ
8853,Lachen SZ,SZ
8854,Siebnen,SZ
8855,Wangen SZ,SZ
8856,Tuggen,SZ
8857,Vorderthal,SZ
8858,Innerthal,SZ
8862,Schübelbach,SZ
8863,Buttikon SZ,SZ
8864,Reichenburg,SZ
8865,Bilten,GL
8866,Ziegelbrücke,GL
8867,Niederurnen,GL
8868,Oberurnen,GL
8872,Weesen,SG
8873,Amden,SG
8874,Mühlehorn,GL
8877,Murg,SG
8878,Quinten,SG
8879,Pizolpark (Mels),SG
8880,Walenstadt,SG
8882,Unterterzen,SG
8883,Quarten,SG
8884,Oberterzen,SG
8885,Mols,SG
8886,Mädris-Vermol,SG
8887,Mels,SG
8888,Heiligkreuz (Mels),SG
8889,Plons,SG
8890,Flums,SG
8892,Berschis,SG
8893,Flums Hochwiese,SG
8894,Flumserberg Saxli,SG
8895,Flumserberg Portels,SG
8896,Flumserberg Bergheim,SG
8897,Flumserberg Tannenheim,SG
8898,Flumserberg Tannenbodenalp,SG
8902,Urdorf,ZH
8903,Birmensdorf ZH,ZH
8904,Aesch b. Birmensdorf,ZH
8905,Arni-Islisberg,AG
8906,Bonstetten,ZH
8907,Wettswil,ZH
8908,Hedingen,ZH
8909,Zwillikon,ZH
8910,Affoltern am Albis,ZH
8911,Rifferswil,ZH
8912,Obfelden,ZH
8913,Ottenbach,ZH
8914,Aeugst am Albis,ZH
8915,Hausen am Albis,ZH
8916,Jonen,AG
8917,Oberlunkhofen,AG
8918,Unterlunkhofen,AG
8919,Rottenschwil,AG
8925,Ebertswil,ZH
8926,Kappel am Albis,ZH
8932,Mettmenstetten,ZH
8933,Maschwanden,ZH
8934,Knonau,ZH
8942,Oberrieden,ZH
8951,Fahrweid,ZH
8952,Schlieren,ZH
8953,Dietikon,ZH
8954,Geroldswil,ZH
8955,Oetwil an der Limmat,ZH
8956,Killwangen,AG
8957,Spreitenbach,AG
8962,Bergdietikon,AG
8963,Kindhausen AG,AG
8964,Rudolfstetten,AG
8965,Berikon,AG
8966,Oberwil-Lieli,AG
8967,Widen,AG
9000,St. Gallen,SG
9001,St. Gallen,SG
9003,St. Gallen,SG
9004,St. Gallen,SG
9006,St. Gallen,SG
9007,St. Gallen,SG
9008,St. Gallen,SG
9009,St. Gallen,SG
9010,St. Gallen,SG
9011,St. Gallen,SG
9012,St. Gallen,SG
9013,St. Gallen,SG
9014,St. Gallen,SG
9015,St. Gallen,SG
9016,St. Gallen,SG
9020,St. Gallen,SG
9024,St.Gallen Presse-Serv. Güll,SG
9025,St. Gallen Quelle,SG
9026,St. Gallen Künzler AG,SG
9027,St. Gallen Mona Versand,SG
9028,St. Gallen Cornelia Versand,SG
9029,St. Gallen Sonderdienste,SG
9030,Abtwil SG,SG
9032,Engelburg,SG
9033,Untereggen,SG
9034,Eggersriet,SG
9035,Grub AR,AR
9036,Grub SG,SG
9037,Speicherschwendi,AR
9038,Rehetobel,AR
9042,Speicher,AR
9043,Trogen,AR
9044,Wald AR,AR
9050,Appenzell,AI
9052,Niederteufen,AR
9053,Teufen AR,AR
9054,Haslen AI,AI
9055,Bühler,AR
9056,Gais,AR
9057,Weissbad,AI
9058,Brülisau,AI
9062,Lustmühle,AR
9063,Stein AR,AR
9064,Hundwil,AR
9100,Herisau,AR
9101,Herisau,AR
9102,Herisau,AR
9103,Schwellbrunn,AR
9104,Waldstatt,AR
9105,Schönengrund,AR
9107,Urnäsch,AR
9108,Gonten,AI
9112,Schachen b. Herisau,AR
9113,Degersheim,SG
9114,Hoffeld,SG
9115,Dicken,SG
9116,Wolfertswil,SG
9122,Mogelsberg,SG
9123,Nassen,SG
9125,Brunnadern,SG
9126,Necker,SG
9127,St. Peterzell,SG
9200,Gossau SG,SG
9201,Gossau SG,SG
9203,Niederwil SG,SG
9204,Andwil SG,SG
9205,Waldkirch,SG
9212,Arnegg,SG
9213,Hauptwil,TG
9214,Kradolf-Schönenberg,TG
9215,Schönenberg an der Thur,TG
9216,Heldswil,TG
9220,Bischofszell,TG
9223,Schweizersholz,TG
9225,Wilen (Gottshaus),TG
9230,Flawil,SG
9231,Egg (Flawil),SG
9234,Rindal,SG
9240,Uzwil,SG
9242,Oberuzwil,SG
9243,Jonschwil,SG
9244,Niederuzwil,SG
9245,Oberbüren,SG
9246,Niederbüren,SG
9247,Henau,SG
9248,Bichwil,SG
9249,Algetshausen,SG
9302,Kronbühl,SG
9303,Wittenbach,SG
9304,Bernhardzell,SG
9305,Berg SG,SG
9306,Freidorf TG,TG
9308,Lömmenschwil,SG
9312,Häggenschwil,SG
9313,Muolen,SG
9314,Steinebrunn,TG
9315,Neukirch (Egnach),TG
9320,Arbon,TG
9322,Egnach,TG
9323,Steinach,SG
9325,Roggwil TG,TG
9326,Horn,TG
9327,Tübach,SG
9400,Rorschach,SG
9401,Rorschach,SG
9402,Mörschwil,SG
9403,Goldach,SG
9404,Rorschacherberg,SG
9405,Wienacht-Tobel,AR
9410,Heiden,AR
9411,Reute AR,AR
9413,Oberegg,AI
9414,Schachen b. Reute,AR
9420,Rheineck Intermed AG,SG
9422,Staad SG,SG
9423,Altenrhein,SG
9424,Rheineck,SG
9425,Thal,SG
9426,Lutzenberg,AR
9427,Wolfhalden,AR
9428,Walzenhausen,AR
9430,St. Margrethen SG,SG
9434,Au SG,SG
9435,Heerbrugg,SG
9436,Balgach,SG
9437,Marbach SG,SG
9442,Berneck,SG
9443,Widnau,SG
9444,Diepoldsau,SG
9445,Rebstein,SG
9450,Altstätten SG,SG
9451,Kriessern,SG
9452,Hinterforst,SG
9453,Eichberg,SG
9462,Montlingen,SG
9463,Oberriet SG,SG
9464,Rüthi SG,SG
9465,Salez,SG
9466,Sennwald,SG
9467,Frümsen,SG
9468,Sax,SG
9469,Haag (Rheintal),SG
9470,Buchs SG,SG
9472,Grabs,SG
9473,Gams,SG
9475,Sevelen,SG
9476,Weite,SG
9477,Trübbach,SG
9478,Azmoos,SG
9479,Oberschan,SG
9485,Nendeln,FL
9486,Schaanwald,FL
9487,Gamprin-Bendern,FL
9488,Schellenberg,FL
9490,Vaduz,FL
9491,Ruggell,FL
9492,Eschen,FL
9493,Mauren FL,FL
9494,Schaan,FL
9495,Triesen,FL
9496,Balzers,FL
9497,Triesenberg,FL
9498,Planken,FL
9500,Wil SG,SG
9501,Wil SG 1,SG
9502,Braunau,TG
9503,Stehrenberg,TG
9504,Friltschen,TG
9506,Lommis,TG
9507,Stettfurt,TG
9508,Weingarten-Kalthäusern,TG
9510,Wil SG Paketbasis,SG
9512,Rossrüti,SG
9514,Wuppenau,TG
9515,Hosenruck,TG
9517,Mettlen,TG
9523,Züberwangen,SG
9524,Zuzwil SG,SG
9525,Lenggenwil,SG
9526,Zuckenriet,SG
9527,Niederhelfenschwil,SG
9532,Rickenbach b. Wil,TG
9533,Kirchberg SG,SG
9534,Gähwil,SG
9535,Wilen b. Wil,TG
9536,Schwarzenbach SG,SG
9542,Münchwilen TG,TG
9543,St. Margarethen TG,TG
9545,Wängi,TG
9546,Tuttwil,TG
9547,Wittenwil,TG
9548,Matzingen,TG
9552,Bronschhofen,SG
9553,Bettwiesen,TG
9554,Tägerschen,TG
9555,Tobel,TG
9556,Affeltrangen,TG
9562,Märwil,TG
9565,Bussnang,TG
9573,Littenheid,TG
9601,Lütisburg Station,SG
9602,Bazenheid,SG
9604,Lütisburg,SG
9606,Bütschwil,SG
9607,Mosnang,SG
9608,Ganterschwil,SG
9612,Dreien,SG
9613,Mühlrüti,SG
9614,Libingen,SG
9615,Dietfurt,SG
9620,Lichtensteig,SG
9621,Oberhelfenschwil,SG
9622,Krinau,SG
9630,Wattwil,SG
9631,Ulisbach,SG
9633,Hemberg,SG
9642,Ebnat-Kappel,SG
9643,Krummenau,SG
9650,Nesslau,SG
9651,Ennetbühl,SG
9652,Neu St. Johann,SG
9655,Stein SG,SG
9656,Alt St. Johann,SG
9657,Unterwasser,SG
9658,Wildhaus,SG
